,Article Type,URL,Has Tweet Source?,Location Tweet Source,Claims,Original tweets
0,featured,https://www.abc.net.au/news/2021-11-26/coronacheck-melbourne-covid-protest-crowd-size/100650146,False,,['possibly the largest ever political rally in Australia'],['www.twitter.com/CraigKellyMP/status/1460754227769212930']
1,featured,https://www.abc.net.au/news/2021-11-19/coronacheck-craig-kelly-more-texts-united-australia-party/100630886,False,,[],[]
2,featured,https://www.abc.net.au/news/2021-11-12/coronacheck-daniel-andrews-new-proposed-pandemic-laws/100613606,False,,[],[]
3,featured,https://www.abc.net.au/news/2021-11-10/fact-check-private-jets-alexander-downer/100606692,True,['Twitter.'],"['There are 400 private jets ferrying delegations to the COP26 conference. @POTUS  brought five. It is estimated they will emit in 24 hours as much CO2 as Scotland emits in a year!,']",['www.twitter.com/AlexanderDowner/status/1455466603668201476']
4,featured,https://www.abc.net.au/news/2021-11-05/coronacheck-qr-codes-do-not-breach-australian-law/100593754,False,,['Toxic Ten'],['www.twitter.com/EINITNews/status/1455746714678222853']
5,featured,https://www.abc.net.au/news/2021-10-29/coronacheck-prince-charles-fainting-man/100576262,False,,[],[]
6,featured,https://www.abc.net.au/news/2021-10-27/fact-check-gina-rinehart-polar-bears/100569118,False,,"['propaganda', ""I'd heard that senior school students in a previous headmistress's time, were having to watch … An Inconvenient Truth. Catchy title, but sadly short on delivery as far as truth is concerned, e.g. the sad loss of polar bears, when actually their numbers have increased,""]","['www.twitter.com/yzelalem3/status/1452938559007170561', 'Quoted claim exceeds 280 characters']"
7,default latest,https://www.abc.net.au/news/2021-10-25/fact-check-is-melbourne-most-locked-down-city/100560172,False,,"[""ere in Melbourne, very sadly, we've endured the longest lockdown in the world,"", 'Consider that. The longest lockdown in the world here in Melbourne.', ""Melbourne has gone from the world's most liveable city to the world's most locked-down city,""]","['No tweets found', 'No tweets found', 'No tweets found']"
8,default latest,https://www.abc.net.au/news/2021-10-22/coronacheck-vaccinations-in-schools-informed-consent/100556640,False,,[],[]
9,default latest,https://www.abc.net.au/news/2021-10-21/are-fossil-fuels-australia-s-largest-export-barnaby-joyce/100553352,False,,"['shut down', ""You've got to remember, fossil fuels are your nation's largest export,"", ""If you take away your nation's largest export ... then you have to accept the lower standard of living.""]","['www.twitter.com/truemanofsteel_/status/1450764049893842948', 'www.twitter.com/JunkScience/status/1442494238940356611', 'No tweets found']"
10,default latest,https://www.abc.net.au/news/2021-10-15/coronacheck-nsw-supreme-court-transcript-fake/100539064,False,,['13 times more likely to catch and spread COVID-19'],['www.twitter.com/veetwentythreet/status/1446239469489647645']
11,default latest,https://www.abc.net.au/news/2021-10-13/fact-check-is-it-perfectly-legal-to-lie-in-a-political-ad-/100511796,False,,"[""It's perfectly legal to lie in a political ad."", 'whilst we have misleading and deceptive legislation to catch advertising that lies about things, we have a free-for-all in political advertising']","['www.twitter.com/no_fkng_way/status/1432457906645979137', 'No tweets found']"
12,default latest,https://www.abc.net.au/news/2021-10-08/coronacheck-poland-viral-video-embassy-protest/100521346,False,,[],[]
13,default latest,https://www.abc.net.au/news/2021-10-06/morrison-businesses-refusing-unvaccinated-customers/100512488,False,,"['no-jab, no-entry approach in commerce', ""Businesses have that right to say who can come into their premises. That's what the law says. And that doesn't fall foul of discrimination laws.""]","['No tweets found', 'No tweets found']"
14,default latest,https://www.abc.net.au/news/2021-10-01/coronacheck-martin-foley-vaccination-gaffe/100504420,False,,[],[]
15,default latest,https://www.abc.net.au/news/2021-09-24/coronacheck-dan-andrews-medicare-voice-recording/100485564,False,,['proof'],['www.twitter.com/JacqDZN/status/1441012583012597769']
16,pagination latest,https://www.abc.net.au/news/2021-09-23/fact-check-annastacia-palaszczuk-doherty-modelling/100481476,False,,"['If New South Wales is the model of what lies in store for all of us, then we need to be having some serious discussions. Doherty Institute modelling predicts that even with 70 per cent of the population vaccinated, 80 people will die each day from COVID once the outbreak reaches six months after it started. That is 2,240 who will die each month.']",['Quoted claim exceeds 280 characters']
17,pagination latest,https://www.abc.net.au/news/2021-09-21/fact-check-teenagers-with-covid-19-ending-up-in-hospital/100467134,False,,"['the front line in this disastrous third wave', 'One in 30 teenagers who catch COVID is ending up in hospital,']","['No tweets found', 'No tweets found']"
18,pagination latest,https://www.abc.net.au/news/2021-09-17/coronacheck-nicki-minaj-swollen-testicles-covid-19-vaccine/100467622,False,,[],[]
19,pagination latest,https://www.abc.net.au/news/2021-09-15/fact-check-misinformation-study/100460466,False,,[],[]
20,pagination latest,https://www.abc.net.au/news/2021-09-14/fact-check-does-australia-s-resettlement-of-refugees-rank-third/100436334,False,,"['most generous humanitarian resettlers', ""We're one of the most generous resettlement countries in the world for humanitarian places, always, every single year,"", ""We have 13,700. That's about third in the world every year, third-highest in the world.""]","['No tweets found', 'No tweets found', 'No tweets found']"
21,pagination latest,https://www.abc.net.au/news/2021-09-10/coronacheck-craig-kelly-text-messages/100446566,False,,[],[]
22,pagination latest,https://www.abc.net.au/news/2021-09-08/reality-check-ivermectin-covid19/100440624,False,,[],[]
23,pagination latest,https://www.abc.net.au/news/2021-09-07/fact-check-did-real-wages-fall-2-1-per-cent/100436186,False,,"['under Scott Morrison real wages have fallen 2.1 per cent in 12 months, the fastest drop in wages in 20 years']",['No tweets found']
24,pagination latest,https://www.abc.net.au/news/2021-09-03/coronacheck-germany-vaccine-rollout-hasnt-been-paused/100429716,False,,[],[]
25,pagination latest,https://www.abc.net.au/news/2021-08-31/fact-check-clive-palmer-vaccine-passports-breach-constitution/100407330,False,,"['Clive Palmer confirmed today that the actions  Premier Mark McGowan to introduce an interstate vaccination passport for people travelling to WA was in breach of section 117 of the Australian constitution,']",['No tweets found']
26,pagination latest,https://www.abc.net.au/news/2021-08-27/coronacheck-school-student-vaccination-misinformation/100410132,False,,[],[]
27,pagination latest,https://www.abc.net.au/news/2021-08-26/fact-check-are-house-prices-rising-by-1200-a-day/100405218,True,"['tweet, Greens leader Adam Bandt claimed house prices are rising by $1,200 a day, warning that younger workers have been locked out.']","['House prices are going up $1200 a day,', 'Great for property investors, a disaster for every casual worker with smashed savings.']","['www.twitter.com/AdamBandt/status/1420979265793761292', 'www.twitter.com/AdamBandt/status/1420979265793761292']"
28,pagination latest,https://www.abc.net.au/news/2021-08-25/gladys-berejiklian-sydney-lockdown-harshest-fact-check/100390380,False,,"['These are the harshest measures any place in Australia has ever faced,', 'I want to stress this point, that we have the harshest lockdown conditions that any state in Australia has seen']","['www.twitter.com/Raf_Epstein/status/1420561970713960449', 'No tweets found']"
29,pagination latest,https://www.abc.net.au/news/2021-08-20/coronacheck-poland-pfizer-doses-misinformation/100391090,False,,[],[]
30,pagination latest,https://www.abc.net.au/news/2021-08-17/fact-check-childcare-subsidies-alan-tudge/100370226,False,,"['failed', 'abysmally short', ""We've increased childcare subsidies by 77 per cent since we came to office,""]","['www.twitter.com/irenekeller/status/1427240101579427840', 'www.twitter.com/kaymbeals/status/1407341896314335234', 'No tweets found']"
31,pagination latest,https://www.abc.net.au/news/2021-08-13/coronacheck-george-christensen-speech-parliament-lockdown-masks/100372200,False,,[],[]
32,pagination latest,https://www.abc.net.au/news/2021-08-06/coronacheck-israel-higher-numbers-vaccinated-people-infected/100353540,False,,[],[]
33,pagination latest,https://www.abc.net.au/news/2021-08-03/covid-19-vaccine-rollout-scott-morrison-original-timetable/100342474,False,,[],[]
34,pagination latest,https://www.abc.net.au/news/2021-07-30/coronacheck-pcr-tests-cdc-covid-flu/100334096,False,,"[""it's not a race""]",['www.twitter.com/haddo1138/status/1420658955529846790']
35,pagination latest,https://www.abc.net.au/news/2021-07-29/fact-check-anthony-albanese-cost-of-seeing-your-doctor/100231472,True,"['tweetthat said:""It costs 34 per cent more to see your doctor today than it did when the Liberals came to power.']","[""in the Liberals' DNA"", 'It costs 34 per cent more to see your doctor today than it did when the Liberals came to power.']","['www.twitter.com/deirdreg13/status/1400587575706800132', 'No tweets found']"
36,pagination latest,https://www.abc.net.au/news/2021-07-23/coronacheck-tiktok-nsw-case-numbers-prediction-sting/100313594,False,,['anti-sex'],['www.twitter.com/queenofbithynia/status/1418039490925506562']
37,pagination latest,https://www.abc.net.au/news/2021-07-22/fact-check-greg-hunt-on-free-gp-services-medicare/100285282,False,,['That has seen 88.7 per cent of people year-to-date receive their GP services for free. That is 6.7 per cent higher than when we came to government.'],['No tweets found']
38,pagination latest,https://www.abc.net.au/news/2021-07-16/coronacheck-kristina-keneally-scott-morrison-wellcamp-airport/100296420,False,,[],[]
39,pagination latest,https://www.abc.net.au/news/2021-07-15/fact-check-is-hotel-quarantine-99-9-per-cent-successful/100289242,False,,['had a lot of critics'],['www.twitter.com/kokessence/status/1396169019518947329']
40,pagination latest,https://www.abc.net.au/news/2021-07-09/coronacheck-clive-palmer-animal-trials-covid-vaccine/100276974,False,,[],[]
41,pagination latest,https://www.abc.net.au/news/2021-07-02/coronacheck-singapore-road-map-to-normal-covid-19/100259804,False,,[],[]
42,pagination latest,https://www.abc.net.au/news/2021-06-29/anthony-albanese-fact-check-real-wages-scott-morrison-australia/100242448,False,,[],[]
43,pagination latest,https://www.abc.net.au/news/2021-06-25/coronacheck-tiktok-vaccines-louise-hampton-vladimir-putin/100231468,False,,[],[]
44,pagination latest,https://www.abc.net.au/news/2021-06-10/coronavirus-vaccine-deaths-debunked-fact-check-clive-palmer/100197266,False,,"['But the TGA reports there have been 210 deaths and over 24,000 adverse reactions after COVID vaccinations.', 'an incorrect picture of the safety of COVID-19 vaccines', 'seriously concerned', 'unacceptable threat to the health of Australians', 'COVID-19 vaccine deaths']","['No tweets found', 'www.twitter.com/TGAgovau/status/1402062957383667713', 'www.twitter.com/kwamurai/status/1402295434165501956', 'No tweets found', 'www.twitter.com/Forbes/status/1392851160156053506']"
45,pagination latest,https://www.abc.net.au/news/2021-06-18/coronacheck-melbourne-anti-vaccine-boris-johnson-eriksen/100215852,False,,[],[]
46,pagination latest,https://www.abc.net.au/news/2021-06-11/coronacheck-pregnant-women-vaccines-coronavirus-miscarriage-risk/100201064,False,,[],[]
47,pagination latest,https://www.abc.net.au/news/2021-06-17/fact-check-scott-morrison-adam-bandt-covid-disaster-payments/100220172,False,,[],[]
48,pagination latest,https://www.abc.net.au/news/2021-06-09/josh-frydenberg-fact-check-jobs-now-compared-before-pandemic/100191518,False,,"['More Australians are in work than were in work prior to the pandemic', 'seen employment go above its pre-pandemic levels']","['No tweets found', 'www.twitter.com/LiberalAus/status/1392050145924042757']"
49,pagination latest,https://www.abc.net.au/news/2021-06-02/fact-check-morrison-coronavirus-recession-gfc-recession-30-times/100177354,False,,[],[]
50,pagination latest,https://www.abc.net.au/news/2021-06-04/coronacheck-vaccine-rollout-outside-top-100-mark-butler/100186682,False,,['Indian variant'],['www.twitter.com/minxyminx1952/status/1400397765537058817']
51,pagination latest,https://www.abc.net.au/news/2021-05-28/indian-variant-coronavirus-hong-kong-misinformation-coronacheck/100168742,False,,[],[]
52,pagination latest,https://www.abc.net.au/news/2021-05-26/andrew-liveris-incorrect-claim-feedstock-natural-gas-fact-check/100160172,False,,[],[]
53,pagination latest,https://www.abc.net.au/news/2021-05-27/fact-check-scott-morrison-unemployment-benefit-howard-era/100130404,False,,"['I think the more relevant feature to focus on is what it is as a percentage of the minimum wage,', 'And this brings  up from 37.5 percent up to 41.2 percent.']","['No tweets found', 'No tweets found']"
54,pagination latest,https://www.abc.net.au/news/2021-05-21/coronavirus-nuremberg-code-wwii-fake-news-coronacheck/100139658,False,,['crimes against humanity'],['www.twitter.com/TendayiZinyama/status/1395329911817183234']
55,pagination latest,https://www.abc.net.au/news/2021-05-17/scott-morrison-red-carpet-raaf-williamtown-visit-fact-check/100139660,False,,[],[]
56,pagination latest,https://www.abc.net.au/news/2021-05-14/airlines-debunk-vaccinated-travellers-ban-rumours-coronacheck/100134084,False,,['fact check'],['www.twitter.com/pacasandrs/status/1392796818388443136']
57,pagination latest,https://www.abc.net.au/news/2021-05-11/fact-check-climate-change-targets-kevin-rudd-turnbull/100106860,False,,"['carbon-border taxes', 'remains dangerously at risk of the economic and environmental consequences that will come from the climate crisis barrelling towards us', ""With more than 70 per cent of Australia's trade now with countries committed to net zero, the prospect of carbon-border taxes being introduced — beginning with the European Union — also leaves us economically exposed,""]","['www.twitter.com/archcontext/status/1375182626021994502', 'www.twitter.com/AhedAdwan/status/1384580774654058499', 'No tweets found']"
58,pagination latest,https://www.abc.net.au/news/2021-05-07/coronacheck-covid19-vaccine-cannot-shed-like-other-jabs/100118552,False,,"['shedding', 'luxury']","['www.twitter.com/ettenyl/status/1390256873899712515', 'www.twitter.com/msamgank/status/1390270334616625162']"
59,pagination latest,https://www.abc.net.au/news/2021-04-16/scott-morrison-claims-australia-vaccination-rollout-fact-check/100070100,False,,"['It is true that at this stage of our rollout, it is actually better than where Germany was, better than where New Zealand was, better than where South Korea and Japan was, and so I think there will be some important context in the weeks ahead as we see the significant ramp up of the distribution network,']",['Quoted claim exceeds 280 characters']
60,pagination latest,https://www.abc.net.au/news/2021-04-30/coronacheck-menstruation-periods-vaccines-misinformation-facts/100099778,False,,[],[]
61,pagination latest,https://www.abc.net.au/news/2021-04-23/face-masks-coronavirus-conspiracy-theories-coronacheck/100085014,False,,[],[]
62,pagination latest,https://www.abc.net.au/news/2021-04-14/fact-file-rupert-murdoch-media-reach-in-australia/100056660,False,,['reach'],['www.twitter.com/ashok_rastogi/status/1381953316146454529']
63,pagination latest,https://www.abc.net.au/news/2021-04-16/coronacheck-vaccination-south-african-variant-lockdowns-myths/100030216,False,,['invented'],['www.twitter.com/BlakelySmithRds/status/1382676959331717124']
64,pagination latest,https://www.abc.net.au/news/2021-04-09/coronacheck-vaccine-efficacy-effectiveness-whats-the-difference/100055578,False,,[],[]
65,pagination latest,https://www.abc.net.au/news/2021-04-01/coronacheck-malcolm-roberts-vaccine-side-effects-yellow-card/100041806,False,,['Yellow Card'],['www.twitter.com/CapitalFootball/status/1377175881450287109']
66,pagination latest,https://www.abc.net.au/news/2021-03-26/coronacheck-papua-new-guinea-misinformation-covid-surge/100029154,False,,[],[]
67,pagination latest,https://www.abc.net.au/news/2021-03-23/fact-check-nbn-co-bonuses-paul-fletcher/100020864,False,,"['It was a decision for the board based upon the remuneration provisions of the executive team and the board assessed the performance of the company and made a decision,']",['No tweets found']
68,pagination latest,https://www.abc.net.au/news/2021-03-19/coronacheck-vaccine-misinformation-debunked/13258256,False,,[],[]
69,pagination latest,https://www.abc.net.au/news/2021-03-12/coronacheck-pcr-tests-ct-cycles-misinformation/13237684,False,,"['PCR test cycles', 'Ct values']","['www.twitter.com/RichardLWeiss/status/1366481935040720903', 'www.twitter.com/mum_of_all_boys/status/1368621145772199938']"
70,pagination latest,https://www.abc.net.au/news/2021-03-11/fact-check-pfizer-vaccine-deals-made-around-the-world/13233572,False,,"['the front of the queue', ""y the time the Morrison Government did a deal with Pfizer, a billion doses had already been accounted for around the world. Australia wasn't at the front of the queue — we're at the back,""]","['www.twitter.com/prawleprovi/status/1369298699571109894', 'No tweets found']"
71,pagination latest,https://www.abc.net.au/news/2021-03-05/coronacheck-clive-palmer-overdose-vaccine-approval-emergency/13212336,False,,[],[]
72,pagination latest,https://www.abc.net.au/news/2021-02-26/coronacheck-scott-morrison-pfizer-vaccine-facebook/13190970,False,,['welfare dependency'],['www.twitter.com/MusoniusRufus/status/1363951735597764612']
73,pagination latest,https://www.abc.net.au/news/2021-02-23/fact-check-is-welfare-dependency-the-lowest-for-30-years/13178984,False,,"[""And let's not forget that going into this crisis, we saw welfare dependency at a 30-year low because we'd got that unemployment rate down,""]",['No tweets found']
74,pagination latest,https://www.abc.net.au/news/2021-02-19/coronacheck-aerosol-airborne-spread-covid-19/13167842,False,,['circuit-breaker'],['www.twitter.com/MarvinDMartian2/status/1362226729381744640']
75,pagination latest,https://www.abc.net.au/news/2021-02-12/coronacheck-craig-kelly-tanya-plibersek-fight-parliament-covid/13144628,False,,"['most senior', 'most qualified']","['www.twitter.com/Waqar1412AH/status/1359644382220140545', 'www.twitter.com/tashayates72/status/1359641924202881026']"
76,pagination latest,https://www.abc.net.au/news/2020-12-29/2020:-the-year-in-fact-checking/13019870,Error while scraping article url. Check article format,['Error while scraping article url. Check article format'],['Error while scraping article url. Check article format'],['Error while scraping article url. Check article format']
77,pagination latest,https://www.abc.net.au/news/2020-12-23/coronavirus-and-2020-the-year-of-the-infodemic/12997042,True,"['Twitter bots utilising the hashtag #ArsonEmergency pushed claims that arson, rather than climate change, was chiefly to blame for the catastrophe.']","['unprecedented', 'promoting myth and superstition and misinformation', 'Arson is a convenient frame to divert attention from the elephant in the room, which is climate change,']","['www.twitter.com/realmethod41/status/1341337149363412992', 'No tweets found', 'No tweets found']"
78,pagination latest,https://www.abc.net.au/news/2020-12-18/did-australia-post-use-taxpayers-money-to-purchase-cartier-watch/12967188,False,,"['pub test', ""I have not used taxpayers' money,""]","['www.twitter.com/Megan_Johnston/status/1338980491353935872', 'www.twitter.com/SophiePointer/status/1319082084112101377']"
79,pagination latest,https://www.abc.net.au/news/2020-12-11/coronacheck-flyer-dropped-in-letterbox-chris-bowen-mp/12971456,False,,[],[]
80,pagination latest,https://www.abc.net.au/news/2020-12-10/fact-check-anao-funding-has-the-coalition-gutted/12962116,True,['tweeted.'],"[""In just seven years, the Liberals have gutted the Audit Office by 20%. That's the body that investigates rorts and dodgy deals"", ""The question on every Australian's lips — what does this Government have to hide?""]","['www.twitter.com/AlboMP/status/1321186806126161920', 'www.twitter.com/AlboMP/status/1321186806126161920']"
81,pagination latest,https://www.abc.net.au/news/2020-12-04/coronacheck-man-choked-pub-not-for-not-wearing-a-mask/12945906,False,,['useless'],['www.twitter.com/itskristonv/status/1334450257434824704']
82,pagination latest,https://www.abc.net.au/news/2020-12-01/fact-check-have-emissions-fallen-just-1-per-cent-under-coalition/12927804,False,,"['e had a 15 per cent reduction when we were in government. Up to … the end of last year, there had only been a 1 per cent reduction under this government since it came to office in 2013.']",['No tweets found']
83,pagination latest,https://www.abc.net.au/news/2020-11-27/coronacheck-astrazeneca-vaccine-vial-planned-simple-explanation/12924070,False,,['planned'],['www.twitter.com/protectmika/status/1331932997218689028']
84,pagination latest,https://www.abc.net.au/news/2020-11-20/coronacheck-why-victoria-still-has-three-active-cases-covid19/12900282,False,,['active'],['www.twitter.com/thedailycpec/status/1329378017748135936']
85,pagination latest,https://www.abc.net.au/news/2020-11-19/fact-check-humanities-science-graduates-uni-fee-changes/12822186,False,,"['job-ready graduates', 'incentivise students to make more job-relevant choices', 'People who do humanities degrees and social science degrees get jobs at about exactly the same rate as science graduates,']","['www.twitter.com/GregoryDEvans/status/1315537300642824193', 'No tweets found', 'No tweets found']"
86,pagination latest,https://www.abc.net.au/news/2020-11-13/coronacheck-danish-mink-farm-cull-mutation/12875746,False,,[],[]
87,pagination latest,https://www.abc.net.au/news/2020-11-06/coronacheck-melbourne-masks-refusal-of-entry-discrimination/12851824,False,,"['no mask, no entry']",['www.twitter.com/Megasound_SD/status/1323943575000928257']
88,pagination latest,https://www.abc.net.au/news/2020-11-03/fact-check-is-gas-just-as-dirty-as-coal-adam-bandt/12838066,True,"['tweet, Greens leader Adam Bandt said coal and gas must be kept in the ground ""to have any chance of stopping runaway global warming"".']","['to have any chance of stopping runaway global warming', 'Gas is as dirty as coal,', 'dirty']","['www.twitter.com/AdamBandt/status/1308556998963683328', 'www.twitter.com/davidca61036773/status/1303800836590632962', 'www.twitter.com/dbnfam/status/1323216829922320391']"
89,pagination latest,https://www.abc.net.au/news/2020-10-30/coronacheck-us-election-donald-trump-joe-biden-fact-check/12826498,False,,['pandemic'],['www.twitter.com/GyeFoundation/status/1321767096729149440']
90,pagination latest,https://www.abc.net.au/news/2020-10-29/fact-check-queensland-health-workers-cuts/12819864,False,,"[""More ambos mean you spend less time waiting for an ambulance, so we've delivered 812 more"", ""Deb Frecklington sacked 4,400 health workers last time imagine our health response if we hadn't reversed those cuts.""]","['No tweets found', 'No tweets found']"
91,pagination latest,https://www.abc.net.au/news/2020-10-28/fact-check-queensland-unemployment-before-covid-19-coronavirus/12782678,False,,"[""When you've had four consecutive years of the highest unemployment rate in the nation — and this was before COVID — Queenslanders deserve a government that has an economic plan to drag Queensland out of the recession and get people into jobs,"", 'Queensland has had the worst unemployment record in Australia for the last four years thanks to Labor.']","['No tweets found', 'No tweets found']"
92,pagination latest,https://www.abc.net.au/news/2020-10-23/coronacheck-craig-kelly-george-christensen-hydroxychloroquine/12802672,False,,[],[]
93,pagination latest,https://www.abc.net.au/news/2020-10-16/coronacheck-liberal-national-party-unemployment-queensland-covid/12770182,False,,['backflip'],['www.twitter.com/Yatothepirate/status/1316624553360199680']
94,pagination latest,https://www.abc.net.au/news/2020-10-15/fact-check-indigenous-employment-in-mining-matt-canavan/12764416,True,['tweeted.'],"['This is the problem with a witch hunt,', ""It always ends in an over-reaction. Mining employs Indigenous people at a greater rate than any other industry. You don't help Indigenous people by stopping mining.""]","['www.twitter.com/mattjcan/status/1306445256699781120', 'www.twitter.com/mattjcan/status/1306445256699781120']"
95,pagination latest,https://www.abc.net.au/news/2020-10-09/coronacheck-scott-morrison-port-botany-40-ships-waterfront/12744674,False,,['lined up'],['www.twitter.com/Jake_AstroJet/status/1314143006258327553']
96,pagination latest,https://www.abc.net.au/news/2020-10-02/coronacheck-death-certificates-true-covid-death-rate/12721210,False,,"['zombie claims', 'true']","['www.twitter.com/AGoldsmithEsq/status/1305895107728531456', 'www.twitter.com/InABoxToTheWest/status/1311653301801422848']"
97,pagination latest,https://www.abc.net.au/news/2020-10-01/fact-check-was-victorias-lockdown-most-severe-oustide-wuhan/12690432,False,,"['health dictatorship', 'extraordinary ineptitude', 'responded to with the most severe lockdown tried anywhere in the world outside of Wuhan itself']","['www.twitter.com/kerrberr74/status/1306148993248960512', 'www.twitter.com/GrallertM/status/1291745146539773953', 'No tweets found']"
98,pagination latest,https://www.abc.net.au/news/2020-09-25/coronacheck-scott-morrison-sweden-coronavirus-deaths/12698478,False,,[],[]
99,pagination latest,https://www.abc.net.au/news/2020-09-21/fact-check-would-sydney-be-under-curfew-melbourne-lockdown-vic/12664546,False,,"['roadmap for reopening', 'crushing news', ""What I can't help but be struck by is that under the thresholds that have been set in that plan Sydney would be under curfew now,"", ""Sydney doesn't need to be under curfew now. They have a tracing capability that can deal with outbreaks.""]","['www.twitter.com/StAlbansEye/status/1302467688854216704', 'www.twitter.com/TheMevee/status/1307111608179621890', 'www.twitter.com/TJ__OBrien/status/1302795068856655872', 'www.twitter.com/TJ__OBrien/status/1302795068856655872']"
100,pagination latest,https://www.abc.net.au/news/2020-09-18/clive-palmer-western-australia-hard-border-suicides-covid-19/12674076,False,,[],[]
101,pagination latest,https://www.abc.net.au/news/2020-09-16/fact-file-mandatory-vaccination-is-it-possible/12661804,Error while scraping article url. Check article format,['Error while scraping article url. Check article format'],['Error while scraping article url. Check article format'],['Error while scraping article url. Check article format']
102,pagination latest,https://www.abc.net.au/news/2020-09-15/fact-file-emergency-powers-state-of-emergency-lockdown-victoria/12660726,Error while scraping article url. Check article format,['Error while scraping article url. Check article format'],['Error while scraping article url. Check article format'],['Error while scraping article url. Check article format']
103,pagination latest,https://www.abc.net.au/news/2020-09-11/coronacheck-daniel-andrews-testing-increase-protest-covid-19/12649712,False,,[],[]
104,pagination latest,https://www.abc.net.au/news/2020-09-10/fact-check-aged-care-funding-accountability/12607618,False,,"[""People may not know that, across the whole aged care sector, about $20 billion of federal funding goes into that sector without proper accountability or transparency for it. They don't have to acquit for where that money goes,""]",['No tweets found']
105,pagination latest,https://www.abc.net.au/news/2020-09-04/coronacheck-berlin-anti-lockdown-protest-freedom-day-covid-19/12626478,False,,['removal of children'],['www.twitter.com/JuliaWraith/status/1298854812906221569']
106,pagination latest,https://www.abc.net.au/news/2020-09-03/-are-people-being-allowed-to-access-their-super-without-scrutiny/12618002,False,,"[""There's been no scrutiny whatsoever,"", 'Twenty thousand , all up, and you can take it.', 'no scrutiny']","['No tweets found', 'No tweets found', 'www.twitter.com/MrG825/status/1300538086795902983']"
107,pagination latest,https://www.abc.net.au/news/2020-08-28/coronacheck-pauline-hanson-sweden-switzerland-taiwan-lockdowns/12601748,False,,[],[]
108,pagination latest,https://www.abc.net.au/news/2020-08-25/fact-file-vaccine-development-smallpox-polio-ebola-sars-covid-19/12574204,Error while scraping article url. Check article format,['Error while scraping article url. Check article format'],['Error while scraping article url. Check article format'],['Error while scraping article url. Check article format']
109,pagination latest,https://www.abc.net.au/news/2020-08-21/coronacheck-wa-death-certificate-covid-19/12578946,False,,[],[]
110,pagination latest,https://www.abc.net.au/news/2020-08-15/fact-check-is-aged-care-a-federal-government-responsibility/12553808,False,,"[""People in aged care, we know they're more vulnerable. But only now it seems the Federal Government is waking up and saying it's going to do more. It's a federal responsibility, aged care."", 'The Prime Minister wants to delegate the tough decisions of the pandemic to the various state premiers.']","['No tweets found', 'No tweets found']"
111,pagination latest,https://www.abc.net.au/news/2020-08-14/coronacheck-nursing-homes-aged-care-coronavirus-payment-death/12554278,False,,[],[]
112,pagination latest,https://www.abc.net.au/news/2020-08-13/fact-check-budget-debt-coronavirus-pandemic/12545628,False,,"['eye watering numbers around debt and deficit', 'The coronavirus has required the Government to spend unprecedented amounts of money to support people in need', 'pull a swiftie', 'Something like two-thirds of the debt in the budget was borrowed by the Government before this outbreak of COVID-19,']","['No tweets found', 'No tweets found', 'www.twitter.com/KrauseForIowa/status/1275780985263738880', 'No tweets found']"
113,pagination latest,https://www.abc.net.au/news/2020-08-12/fact-check-defence-force-coronavirus-fact-file-hotel-quarantine/12522492,Error while scraping article url. Check article format,['Error while scraping article url. Check article format'],['Error while scraping article url. Check article format'],['Error while scraping article url. Check article format']
114,pagination latest,https://www.abc.net.au/news/2020-08-07/coronacheck-craig-kelly-daniel-andrews-hydroxychloroquine-covid/12530576,False,,[],[]
115,pagination latest,https://www.abc.net.au/news/2020-07-31/coronacheck-clive-palmer-covid-19-comparison-hepatitis-b/12506842,False,,[],[]
116,pagination latest,https://www.abc.net.au/news/2020-07-29/fact-check-matt-canavan-fossil-fuel-industry-subsidies/12496310,False,,"['fossil fuel extraction and production of energy', ""There's no subsidisation of Australia's fossil fuel industries,""]","['No tweets found', 'No tweets found']"
117,pagination latest,https://www.abc.net.au/news/2020-07-24/coronacheck-black-lives-matter-melbourne-andrew-bolt-masks/12481360,False,,[],[]
118,pagination latest,https://www.abc.net.au/news/2020-07-17/coronacheck-melbourne-masks-are-they-effective/12462034,False,,[],[]
119,pagination latest,https://www.abc.net.au/news/2020-07-16/fact-check-are-there-no-cuts-to-abc-funding/12417226,False,,"[""If you look at the numbers in the budget papers, the ABC's funding is rising. It's all laid out in the budget papers.""]",['No tweets found']
120,pagination latest,https://www.abc.net.au/news/2020-07-10/coronacheck-anthony-albanese-csiro-cuts-covid-19/12438170,False,,[],[]
121,pagination latest,https://www.abc.net.au/news/2020-07-03/coronacheck-anti-vaxxers-flood-online-poll-pete-evans/12415860,False,,[],[]
122,pagination latest,https://www.abc.net.au/news/2020-07-02/fact-check-scott-morrison-slavery-nsw-australia/12407280,False,,"[""I mean, Australia when it was founded as a settlement, as New South Wales,  was on the basis that there'd be no slavery,"", 'And while slave ships continued to travel around the world, when Australia was established yes, sure, it was a pretty brutal settlement. My forefathers and foremothers were on the First and Second Fleets. It was a pretty brutal place, but there was no slavery in Australia.']","['No tweets found', 'Quoted claim exceeds 280 characters']"
123,pagination latest,https://www.abc.net.au/news/2020-06-26/coronacheck-victoria-black-lives-matter-protests-family-spike/12391628,False,,[],[]
124,pagination latest,https://www.abc.net.au/news/2020-06-19/coronacheck-covid-safe-google-android-coronavirus/12367852,False,,[],[]
125,pagination latest,https://www.abc.net.au/news/2020-06-17/fact-check-wa-emergency-powers-vaccination-covid-19/12349842,True,"[""tweet includes a screenshot of Western Australia's declaration of a public health state of emergency and two screenshots that are untitled but mirror the wording of the WA Public Health Act."", 'tweet.', 'tweet was then shared in the Facebook group99% unite Main Group ""it\'s us or them""which is popular with anti-vaccination supporters and had more than 60,000 members at the time of publication.']","['COVID-19 Emergency Powers Act', 'Western Australia — They just passed a Covid 19 Emergency Powers Act That will authorize officers to test & vaccinate children at school — this includes removing their underwear.', ""it's us or them""]","['www.twitter.com/Tolzmusic/status/1252980344581693441', 'No tweets found', 'www.twitter.com/Taylor49er/status/1268907821824761856']"
126,pagination latest,https://www.abc.net.au/news/2020-06-13/coronacheck-mask-wearing-carbon-dioxide-covid-19/12346344,False,,['tear gas'],['www.twitter.com/bfg1963/status/1271422143922913280']
127,pagination latest,https://www.abc.net.au/news/2020-06-12/fact-check-analysis-foreign-workers-visas-457/12334900,False,,"['very, very careful']",['www.twitter.com/babur_aleem/status/1270733762263945219']
128,pagination latest,https://www.abc.net.au/news/2020-06-13/coronacheck-usb-drive-sticker-covid-19/12338622,False,,[],[]
129,pagination latest,https://www.abc.net.au/news/2020-06-10/fact-check-victoria-nsw-covid-19-testing-rates/12312034,True,"['tweetedVictoria had ""the highest per capita testing rate in Australia"".']","['NSW has the highest rate of testing in the world', ""It's something we're incredibly proud of, something we need to maintain,"", 'the highest per capita testing rate in Australia', 'one of the highest']","['No tweets found', 'No tweets found', 'www.twitter.com/JennyMikakos/status/1261830393101078528', 'www.twitter.com/rooshanaziz/status/1270298778877276160']"
130,pagination latest,https://www.abc.net.au/news/2020-06-13/coronacheck-hand-sanitiser-combust-hot-car-fire/12326750,False,,[],[]
131,pagination latest,https://www.abc.net.au/news/2020-06-03/fact-check-migrant-workers-457-temporary-visas/12299180,False,,"['migration program that puts Australian workers first', 'Our post-COVID-19 economic recovery must ensure that Australia shifts away from its increasing reliance on a cheap supply of overseas, temporary labour that undercuts wages for Australian workers and takes jobs Australians could do,', 'bringing in people to flip burgers', ""We've always been very, very careful to prioritise Australians and Australian jobs,"", 'We scrapped the 457 visa program when we came to office, we introduced labour market testing so the Australians would be prioritised for the jobs available.']","['www.twitter.com/maxwalden_/status/1256745782742364161', 'www.twitter.com/EN538474N6/status/1256767263970979840', 'No tweets found', 'No tweets found', 'No tweets found']"
132,pagination latest,https://www.abc.net.au/news/2020-06-13/coronacheck-template/12307030,False,,[],[]
133,pagination latest,https://www.abc.net.au/news/2020-06-13/coronacheck-more-bill-gates-conspiracy-theories-covid-19/12299920,Error while scraping article url. Check article format,['Error while scraping article url. Check article format'],['Error while scraping article url. Check article format'],['Error while scraping article url. Check article format']
134,pagination latest,https://www.abc.net.au/news/2020-05-28/fact-check-coronavirus-leaflet-dropped-melbourne/12288054,False,,[],[]
135,pagination latest,https://www.abc.net.au/news/2020-05-26/coronacheck-barnaby-joyce-snake-bite-covid-19-deaths/12282156,False,,[],[]
136,pagination latest,https://www.abc.net.au/news/2020-05-23/coronacheck-covid-19-tests-measles-ebola-cold/12276130,False,,['most secure food security in the world'],['www.twitter.com/ABCFactCheck/status/1262152501123411969']
137,pagination latest,https://www.abc.net.au/news/2020-05-21/has-hydroxychloroquine-helped-australia-flatten-the-death-curve/12256996,False,,['best hope'],['www.twitter.com/J0esm0w/status/1263000355782213633']
138,pagination latest,https://www.abc.net.au/news/2020-05-22/coronacheck-microsoft-crop-circle-covid-a9-coronavirus/12262540,False,,['most vulnerable'],['www.twitter.com/domenicodnz/status/1263448067191300096']
139,pagination latest,https://www.abc.net.au/news/2020-05-20/fact-check-covid-19-virus-names-sars-mers-ebola-hendra-zika/12262472,Error while scraping article url. Check article format,['Error while scraping article url. Check article format'],['Error while scraping article url. Check article format'],['Error while scraping article url. Check article format']
140,pagination latest,https://www.abc.net.au/news/2020-05-18/coronavirus-australia-food-security-supermarket-shelves/12244820,False,,"['ridiculous', 'not sensible', 'panic', 'plenty of food to go around', ' the most secure food security in the world', ""We're a nation of 25 million people,"", 'We produce enough food for 75 million.', 'the most secure food security in the world']","['www.twitter.com/KristofHeyndri1/status/1261998726756909062', 'www.twitter.com/TommyBumdell/status/1261624836721426432', 'www.twitter.com/captnwilsvn/status/1261998187272863745', 'www.twitter.com/AllyBongo52/status/1246347430276280320', 'No tweets found', 'www.twitter.com/AgForceQLD/status/1245136454046511104', 'www.twitter.com/Mishka_Says/status/1240355924851605504', 'No tweets found']"
141,pagination latest,https://www.abc.net.au/news/2020-05-16/coronacheck-shanelle-cartwright-flu-vaccination-covid19/12245520,False,,[],[]
142,pagination latest,https://www.abc.net.au/news/2020-05-08/fact-check-being-unemployed-for-a-year-reduces-chances-of-work/12211296,False,,"['Many people lived through the global financial crisis, and almost 10 years later, when we looked at the effectiveness of what was done, we left far too many people behind. The experience was that if you were out of paid work for over a year, then you almost halve your chances of ever getting back into employment.', 'We know from past experience that when someone is unemployed for over a year, their chances of securing paid work typically fall by 40 per cent.']","['Quoted claim exceeds 280 characters', 'No tweets found']"
143,pagination latest,https://www.abc.net.au/news/2020-05-16/coronacheck-number-16/12235726,False,,[],[]
144,pagination latest,https://www.abc.net.au/news/2020-05-16/coronacheck-obama-wuhan-institute-of-virology/12228386,False,,['fair call'],['www.twitter.com/bradhendosports/status/1260926186982526978']
145,pagination latest,https://www.abc.net.au/news/2020-05-07/coronacheck-tasuku-honjo-fake-news-covid-19/12211472,False,,[],[]
146,pagination latest,https://www.abc.net.au/news/2020-05-06/fact-check-is-australia-getting-better-covid19-outcomes-than-nz/12215476,False,,"['state of even more extreme lockdown', ""New Zealand decided to go a lot further, but I'd note that the outcomes we are getting are actually on a per capita basis actually better than what is happening in New Zealand,"", 'decided to go a lot further']","['No tweets found', 'No tweets found', 'www.twitter.com/SallyRMelb/status/1251113293332111362']"
147,pagination latest,https://www.abc.net.au/news/2020-05-02/coronacheck-clive-palmer-hydroxychloroquine-covid-19/12203608,False,,[],[]
148,pagination latest,https://www.abc.net.au/news/2020-05-01/coronacheck-elisa-granato-is-not-dead-covid-19-vaccine/12193636,False,,[],[]
149,pagination latest,https://www.abc.net.au/news/2020-04-28/fact-file-epidemics-and-pandemics-covid-19/12119486,Error while scraping article url. Check article format,['Error while scraping article url. Check article format'],['Error while scraping article url. Check article format'],['Error while scraping article url. Check article format']
150,pagination latest,https://www.abc.net.au/news/2020-04-26/coronacheck-boris-johnson-officialsecretsact-covid-19/12177670,False,,[],[]
151,pagination latest,https://www.abc.net.au/news/2020-04-23/fact-check-state-border-closures-australian-constitution-corona/12164440,True,"['Twitter,questioningthe constitutional validity of the move: ""I don\'t think an Australian state can legally close its borders to other Australians under section 117 of the constitution.']","[""I don't think an Australian state can legally close its borders to other Australians under section 117 of the constitution.""]",['No tweets found']
152,pagination latest,https://www.abc.net.au/news/2020-04-26/corona-check-5g-conspiracy-theories/12173846,False,,[],[]
153,pagination latest,https://www.abc.net.au/news/2020-04-26/pete-evans-coronavirus-biocharger-coronacheck/12173738,False,,[],[]
154,pagination latest,https://www.abc.net.au/news/2020-04-26/newsletter-fact-check-coronavirus-is-not-a-bioweapon/12150450,False,,[],[]
155,pagination latest,https://www.abc.net.au/news/2020-04-26/coronacheck-adelaide-ice-rink/12150402,False,,[],[]
156,pagination latest,https://www.abc.net.au/news/2020-04-07/comparing-australia-with-singapore-coronavirus/12107106,Error while scraping article url. Check article format,['Error while scraping article url. Check article format'],['Error while scraping article url. Check article format'],['Error while scraping article url. Check article format']
157,pagination latest,https://www.abc.net.au/news/2020-04-09/corona-check-covid-19-misinformation/12128014,False,,[],[]
158,pagination latest,https://www.abc.net.au/news/2020-04-03/fact-file-are-we-turning-coronavirus-corner-flatten-the-curv/12113410,Error while scraping article url. Check article format,['Error while scraping article url. Check article format'],['Error while scraping article url. Check article format'],['Error while scraping article url. Check article format']
159,pagination latest,https://www.abc.net.au/news/2020-04-09/coronavirus-newsletter-edition-4/12114166,False,,['super spreaders'],['www.twitter.com/leelava14560149/status/1247791381017313280']
160,pagination latest,https://www.abc.net.au/news/2020-04-01/corona-check-ibuprofen-vaccine-pets/12105792,False,,[],[]
161,pagination latest,https://www.abc.net.au/news/2020-04-01/coronacheck-lions-in-russia-belgium-group-sex-ban/12105894,False,,[],[]
162,pagination latest,https://www.abc.net.au/news/2020-03-30/fact-file-casual-employment-paid-leave-entitlements/12089056,False,,"['has generally been regarded as employment in which there is an absence of entitlement to paid annual leave or sick leave', 'An employee with paid leave entitlements has access to either paid holiday leave or paid sick leave, or both,', 'An employee is considered to be without leave entitlements if they identify as not having access to both paid sick leave and holiday leave, or did not know their entitlements.']","['No tweets found', 'No tweets found', 'No tweets found']"
163,pagination latest,https://www.abc.net.au/news/2020-03-27/coronacheck-coronavirus-misinformation-debunked/12088960,False,,"['apparent', 'Coronavirus Bioweapon–How China Stole Coronavirus From Canada And Weaponized It', 'proves there is no  Fibrosis in the lungs', 'test']","['www.twitter.com/CW9313/status/1243078000335192064', 'www.twitter.com/bindoo_mangat/status/1238612223032885249', 'www.twitter.com/sophyzhang2003/status/1239123344148086784', 'www.twitter.com/catfitz/status/1243086509584060416']"
164,pagination latest,https://www.abc.net.au/news/2020-03-12/fact-check-pauline-hanson-transgender-children-census/12044974,False,,"[""some teachers and schools  pushing the idea that a child's biological sex does not determine whether you are male or female"", 'How many transgender children are there in schools in Australia?', 'According to the 2016 census, just 57 students under the age of 15 identified as transgender.']","['No tweets found', 'No tweets found', 'No tweets found']"
165,pagination latest,https://www.abc.net.au/news/2020-03-06/fact-check-craig-kelly-rainfall-drought/12016214,False,,"['Australia have just had, in 2019, their highest year temperature-wise ever recorded and their driest year ever recorded, with forecasts and temperatures that go back over 100 years.', ""There's a few issues there. Firstly, the first 20 years of this century we've had more rainfall in Australia than  the first 20 years of the last century.""]","['No tweets found', 'No tweets found']"
166,pagination latest,https://www.abc.net.au/news/2020-02-27/who-are--scientists-professionals-who-say-no-climate-emergency/11734966,Error while scraping article url. Check article format,['Error while scraping article url. Check article format'],['Error while scraping article url. Check article format'],['Error while scraping article url. Check article format']
167,pagination latest,https://www.abc.net.au/news/2020-02-25/rmit-abc-fact-check-police-sniffer-dogs-update/11994782,False,,[],[]
168,pagination latest,https://www.abc.net.au/news/2020-02-18/fact-check-peter-dutton-arson-250-charged/11971454,False,,"['natural fires', 'We know there are lightning storms that have caused these fires,']","['www.twitter.com/hadyba_/status/1219255390514360320', 'No tweets found']"
169,pagination latest,https://www.abc.net.au/news/2020-02-13/fact-check-barista-vs-coal-mining-jobs/11958124,False,,"[""The Liberals love to dismiss environmentalists as 'latte sipping lefties' that want to take away Australian jobs,"", 'Someone should probably tell them that making lattes provides more Australian jobs than the entire coal industry.']","['No tweets found', 'www.twitter.com/shakytumbleweed/status/1219141453202329600']"
170,pagination latest,https://www.abc.net.au/news/2020-02-04/fact-check-facial-recognition-darker-skin/11781192,Error while scraping article url. Check article format,['Error while scraping article url. Check article format'],['Error while scraping article url. Check article format'],['Error while scraping article url. Check article format']
171,pagination latest,https://www.abc.net.au/news/2020-01-31/fact-check-have-bushfires-killed-more-than-a-billion-animals/11912538,False,,"['nationally', ""The 480 million estimate was made a couple of weeks ago, and the fires have now burnt over a large area of further country. That means over 800 million mammals, birds and reptiles have been affected by the fires. Australiawide, it's probably over a billion,""]","['www.twitter.com/FinePointSEO/status/1222817732179030017', 'Quoted claim exceeds 280 characters']"
172,pagination latest,https://www.abc.net.au/news/2020-01-22/prescribed-burning-nsw-backburning-hazard-reduction/11878316,False,,"['completely false to say there has been a lack of prescribed burning', 'Prescribed burning rates have increased markedly,', ""In NSW, the last decade has seen more than twice the amount of prescribed burning compared to the decade before and in all mapped records of prescribed burning across NSW national parks it's the highest decade.""]","['www.twitter.com/maxchalm/status/1214673757194747904', 'www.twitter.com/maxchalm/status/1214673757194747904', 'No tweets found']"
173,pagination latest,https://www.abc.net.au/news/2020-01-15/is-arson-mostly-to-blame-for-the-bushfire-crisis/11865724,False,,[],[]
174,pagination latest,https://www.abc.net.au/news/2019-12-20/hazard-reduction-burns-bushfires/11817336,False,,[],[]
175,pagination latest,https://www.abc.net.au/news/2019-12-05/fact-check-are-nsw-firefighters-facing--budget-cuts/11747396,True,['Twitter with varying numbers to support their case.'],"["" government's budget papers show that Fire and Rescue NSW and the Rural Fire Service combined are facing a $40 million budget cut — a cut that will mean fewer people on the ground to fight fires and less budget to do it with"", 'provided record funding to all of our frontline agencies in emergency services']","['No tweets found', 'No tweets found']"
176,pagination latest,https://www.abc.net.au/news/2019-11-29/fact-check-is-the-cfmmeu-most-unlwaful-union-in-history/11746820,False,,"[""the most unlawful organisation in the history of Australia's industrial laws — the most, including the BLF ."", ""ou've got one particular union which everyone clearly believes has a history of unlawfulness which is completely unprecedented … The point is there has never been … an organisation in the union movement more unlawful than the CFMEU .""]","['No tweets found', 'No tweets found']"
177,pagination latest,https://www.abc.net.au/news/2019-11-20/fact-check-australia-carbon-emissions-fossil-fuel-exports/11645670,True,"[""tweetclaiming that Australia's share of the global total rises to more than 5 per cent once the emissions embedded in its exports are included."", 'tweeted.']","['The science is clear,', 'Coal is the #1 source of climate damage. Our world is at war & Aus is one of the principal arms dealers!', ""As only 25m people, we generate + export over 5% of the world's emissions today.""]","['www.twitter.com/ClimateReality/status/1195131305656307712', 'www.twitter.com/mcannonbrookes/status/1176553597372223488', 'www.twitter.com/mcannonbrookes/status/1176553597372223488']"
178,pagination latest,https://www.abc.net.au/news/2019-11-14/fact-check-did-high-fire-danger-indices-come-earlier-this-year/11506082,False,,"['an historic event', ""We've never seen fire danger indices, fire danger ratings, at this time of the year, as we're seeing now. Never seen this before in recorded history.""]","['www.twitter.com/princeindah/status/1191678273727746053', 'No tweets found']"
179,pagination latest,https://www.abc.net.au/news/2019-11-12/zombie-did-the-government-cut-1-point-2-billion-from-aged-care/11687258,False,,"['a sad and shocking system that diminishes Australia as a nation', 'systemic failures', 'There is nothing systemic about a government making a decision to cut $1.2 billion out of the aged care system,', ""And that is the decision that this Prime Minister made when he was the treasurer of this nation. That's what this Government has presided over since they were elected in 2013. They had been in government for the last six years. What's going on?""]","['www.twitter.com/CanberraCamper/status/1189776517112328193', 'www.twitter.com/MiddleEastEye/status/1192475575170060288', 'No tweets found', 'No tweets found']"
180,pagination latest,https://www.abc.net.au/news/2019-11-08/fact-check-carbon-emissions-under-the-coalition/11662018,False,,"['done a great job', 'factually wrong', 'They have fallen since 2005,', 'They are the lowest they have ever been.']","['www.twitter.com/daveproctor16/status/1192337535596404736', 'www.twitter.com/ekinn3/status/1192126555536928768', 'No tweets found', 'www.twitter.com/carolemorrissey/status/1178921150585270278']"
181,pagination latest,https://www.abc.net.au/news/2019-10-24/zombie---angus-taylor-emissions-abatement-kyoto-protocol/11630780,False,,"['deficit', 'carryover', 'inherited', 'direct action']","['www.twitter.com/penelopelamour7/status/1186963171069878272', 'www.twitter.com/EJXD2/status/1186701178350034949', 'www.twitter.com/LKondombolo/status/1186944942955995136', 'www.twitter.com/ShakilRai2/status/1186826738199744512']"
182,pagination latest,https://www.abc.net.au/news/2019-10-10/fact-check3a-is-australia-the-only-first-world-nation-with-a-c/11583706,False,,"['The Australian constitution is the only constitution of a first world nation with a colonial history that does not recognise its first people.', ""That's the truth,""]","['No tweets found', 'www.twitter.com/myaarrb/status/1181827738857918464']"
183,pagination latest,https://www.abc.net.au/news/2019-10-03/fact-check-barnaby-joyce-poorest-electorates/11437932,False,,"[""In the National Party, we've got the poorest seats. The richest people are represented by the Greens, then the Libs, then the  Labor; we look after the poorest. And we've got to somehow ventilate some of their issues. I think it's incumbent upon us,""]",['No tweets found']
184,pagination latest,https://www.abc.net.au/news/2019-09-30/morrison-un-speech/11553594,Error while scraping article url. Check article format,['Error while scraping article url. Check article format'],['Error while scraping article url. Check article format'],['Error while scraping article url. Check article format']
185,pagination latest,https://www.abc.net.au/news/2019-09-23/fact-check3a-are-the-rules-of-confession-in-the-bible3f/11528838,False,,['not written in scripture'],['www.twitter.com/catholicismfelt/status/1155451097680687106']
186,pagination latest,https://www.abc.net.au/news/2019-09-13/did-the-coalition-inherit-an-emissions-deficit-scott-morrison/11506064,False,,"['When we came to government there was a 700 million-tonne deficit when it came to meeting our 2020 Kyoto targets, and we set to work immediately and turned that around, and we will now exceed the Kyoto 2020 targets by 367 million tonnes.']",['No tweets found']
187,pagination latest,https://www.abc.net.au/news/2019-09-12/is-renewable-power-cheaper-than-coal-nuclear-malcolm-turnbull/11495558,True,"['tweetclaiming: ""The bottom line is renewables + storage are cheaper than new coal let alone the loopy current fad of nuclear power which is the current weapon of mass distraction for the backbench.']",['The bottom line is renewables + storage are cheaper than new coal let alone the loopy current fad of nuclear power which is the current weapon of mass distraction for the backbench.'],['www.twitter.com/TurnbullMalcolm/status/1169566153288507392']
188,pagination latest,https://www.abc.net.au/news/2019-09-10/fact-check-religious-freedom-laws/11455850,False,,"[""What we don't have in Australia is a law that basically says that you cannot discriminate against someone because of their religious beliefs,"", ""It does seem to be a bit of a missing link in our legal regime, that there's currently not that protection in place that says that you cannot discriminate against someone because of what they believe in,""]","['No tweets found', 'No tweets found']"
189,pagination latest,https://www.abc.net.au/news/2019-09-04/fact-check-nsw-abortion-law-victoria/11474570,False,,"['Since abortion was decriminalised in Victoria in 2008, post 20 week abortions have increased by 39 per cent,']",['No tweets found']
190,pagination latest,https://www.abc.net.au/news/2019-08-29/fact-check-mabo-decision-high-court-dispossession-pauline-hanson/11342504,False,,"[""Same as with Mabo, and the native title. We thought we were signing over just to Mabo because his connection with the land. It's had so much impact on us with native title, that a lot of people have been dispossessed of their lands in Australia because of it,""]",['Quoted claim exceeds 280 characters']
191,pagination latest,https://www.abc.net.au/news/2019-08-20/are-marks-to-get-into-teaching-getting-lower-and-lower/11387970,True,"['tweetto say ""the quality of some teaching degrees is simply not good enough"", and that action must be taken to ""raise the standard"".']","['the quality of some teaching degrees is simply not good enough', 'raise the standard', 'Marks to get into teaching are getting lower + lower,']","['No tweets found', 'www.twitter.com/bonhoefferchild/status/1162105590732267520', 'No tweets found']"
192,pagination latest,https://www.abc.net.au/news/2019-08-14/fact-check-newstart-90-percent-of-payments-another-payment/11405036,False,,"['probably gone on too long', 'difficult, especially in regional areas', ""it is Labor's position that Newstart as it currently stands is inadequate"", 'people who receive Newstart also receive other payments like the parenting payment, or rental assistance', 'Indeed, over 90 per cent of Newstart recipients receive those other payments,']","['www.twitter.com/alexboakeillo/status/1139719055814742016', 'No tweets found', 'www.twitter.com/abcnews/status/1150655706288152577', 'No tweets found', 'No tweets found']"
193,pagination latest,https://www.abc.net.au/news/2019-08-12/fact-check-social-housing-lowest-level/11403298,False,,"['We have a very deep and severe housing problem in Australia, and it is the social housing end of it that we have been missing out on.', 'We have dropped our social housing levels from a high in 1991 of 7.1 per cent to a low now of 4.2 per cent and falling,', ""If we don't address the problems in the housing system, we will never solve homelessness.""]","['www.twitter.com/ACOSS/status/1148773986517409792', 'No tweets found', 'www.twitter.com/RNBreakfast/status/1148781385156452352']"
194,pagination latest,https://www.abc.net.au/news/2019-08-01/fact-check-economic-growth-global-financial-crisis/11367650,False,,"['floundering', ""Economic growth hasn't been this slow for 10 years since the global financial crisis,""]","['www.twitter.com/mrose1965/status/1156369548607676416', 'No tweets found']"
195,pagination latest,https://www.abc.net.au/news/2019-07-31/fact-check-pauline-hanson-population-growth-migration/11360502,True,"['tweet: ""The Australian population grew by 400,000 people last year.']","['marketing ploy', 'The Australian population grew by 400,000 people last year. The majority of this came from overseas migration.', ' budget is built off mass migration.']","['www.twitter.com/cperruna/status/1155948976534769665', 'www.twitter.com/PaulineHansonOz/status/1141576199497383936', 'www.twitter.com/PaulineHansonOz/status/1141576199497383936']"
196,pagination latest,https://www.abc.net.au/news/2019-07-17/fact-check-australia-paid-parental-leave/11270456,False,,"['requires an urgent rethink from both government policymakers and employers', 'Australia has, unfortunately, one of the least generous paid parental leave schemes amongst all OECD nations.']","['No tweets found', 'No tweets found']"
197,pagination latest,https://www.abc.net.au/news/2019-07-15/fact-check-homelessness-luke-howarth/11300248,Error while scraping article url. Check article format,['Error while scraping article url. Check article format'],['Error while scraping article url. Check article format'],['Error while scraping article url. Check article format']
198,pagination latest,https://www.abc.net.au/news/2019-07-11/fact-check-are-there-54000-jobs-in-thermal-coal-mining/11198150,False,,"['resounding in standing up for their local jobs, their local industries', 'And that includes thermal coal exports. We know there are 54,000 people employed in that industry...', 'We need to realise that the export of thermal coal is actually going to be part of our economy and our regional communities going forward.']","['No tweets found', 'No tweets found', 'No tweets found']"
199,pagination latest,https://www.abc.net.au/news/2019-07-04/fact-check3a-is-it-correct-that-driving-from-sydney-to-melbour/11267090,False,,"[""You've got to have the battery recharging stations set up,"", ""It's going to be great around the CBD …  you couldn't drive from Sydney to Melbourne, easily, on today's technology.""]","['No tweets found', 'No tweets found']"
200,pagination latest,https://www.abc.net.au/news/2019-06-24/fact-checka-are-there-only-130-people-who-can-speak-mandarin/11235484,False,,"[""Out of the 25 million Australians who populate this great country ...130 people can speak Mandarin at a level good enough to do business, who aren't of Chinese background,"", 'We have a long, long way to go.']","['No tweets found', 'www.twitter.com/PaulBassat/status/1133488292031152133']"
201,pagination latest,https://www.abc.net.au/news/2019-06-20/is-victoria-spending-more-than-the-commonwealth-infrastructure/11209882,False,,"['In fact, $107 billion of state capital projects are commencing or underway,', 'Remarkably, we are currently investing more in Victoria than the Commonwealth plans to spend across the entire nation over the next decade.']","['No tweets found', 'No tweets found']"
202,pagination latest,https://www.abc.net.au/news/2019-06-13/fact-check-adani-mine-queensland-approval/11191744,False,,"['crazy', 'You know, a mine just as big as Adani was approved by the Queensland Government in the Bowen Basin during the formal election campaign,', 'Hardly got noticed.']","['www.twitter.com/coachwright2000/status/1138795812283191297', 'No tweets found', 'www.twitter.com/enshinge/status/1119626633009197056']"
203,pagination latest,https://www.abc.net.au/news/2019-06-05/fact-check-scott-morrisons-cabinet-contain-record-women/11155528,False,,"['The ministry that I announce today maintains the record representation of women in cabinet for an Australian Government, with seven female members of our Cabinet.']",['No tweets found']
204,pagination latest,https://www.abc.net.au/news/2019-05-30/fact-check-poverty-working-poor-adam-bandt/11147608,True,['tweetedin support of his call.'],"['living wage', ""Nearly 1 in 4 people in poverty works full-time. It's a national disgrace,""]","['www.twitter.com/Demonkatz/status/1133795525252272128', 'No tweets found']"
205,pagination latest,https://www.abc.net.au/news/2019-05-17/federal-election-fact-check-cancer-costs-morrison/11114456,False,,"[""If you're in a public hospital at the moment, all of your cancer treatment is free"", ""No, if you're receiving public treatment for your cancer, it is fully covered.""]","['www.twitter.com/newscomauHQ/status/1126061144295100416', 'No tweets found']"
206,pagination latest,https://www.abc.net.au/news/2019-05-16/federal-election-fact-check-wages-first-debate-bill-shorten/11072026,Error while scraping article url. Check article format,['Error while scraping article url. Check article format'],['Error while scraping article url. Check article format'],['Error while scraping article url. Check article format']
207,pagination latest,https://www.abc.net.au/news/2019-05-15/federal-election-fact-check-childcare-costs/11111848,False,,"[""While the Liberals have been in government, there's been a 28 per cent increase in the cost of childcare fees."", 'Wages growth in this country, under this government is at record lows, and everything is going up. Childcare is up 28 per cent,']","['No tweets found', 'No tweets found']"
208,pagination latest,https://www.abc.net.au/news/2019-05-14/federal-election-fact-check-clive-palmer-zombie/11108108,Error while scraping article url. Check article format,['Error while scraping article url. Check article format'],['Error while scraping article url. Check article format'],['Error while scraping article url. Check article format']
209,pagination latest,https://www.abc.net.au/news/2019-05-13/federal-election-fact-check-underemployment-shorten/11102694,Error while scraping article url. Check article format,['Error while scraping article url. Check article format'],['Error while scraping article url. Check article format'],['Error while scraping article url. Check article format']
210,pagination latest,https://www.abc.net.au/news/2019-05-12/federal-election-fact-check-coalition-cuts-public-school-funding/11084514,Error while scraping article url. Check article format,['Error while scraping article url. Check article format'],['Error while scraping article url. Check article format'],['Error while scraping article url. Check article format']
211,pagination latest,https://www.abc.net.au/news/2019-05-10/federal-election-fact-check-electric-vehicle-tow-boat/11078464,Error while scraping article url. Check article format,['Error while scraping article url. Check article format'],['Error while scraping article url. Check article format'],['Error while scraping article url. Check article format']
212,pagination latest,https://www.abc.net.au/news/2019-05-09/federal-election-fact-check-cost-of-coalition-tax-cuts/11092856,Error while scraping article url. Check article format,['Error while scraping article url. Check article format'],['Error while scraping article url. Check article format'],['Error while scraping article url. Check article format']
213,pagination latest,https://www.abc.net.au/news/2019-05-08/federal-election-fact-checking-third-leaders-debate/11093862,False,,"[""If we don't invest in renewables now, someone else will get the jobs, someone else will get the technology. We should be an energy superpower in Australia. We are the sunniest continent, the windiest continent."", ""We should be an energy superpower in Australia. We're the sunniest and windiest continent,"", ""The reality is that carbon pollution's gone up under this Government. When Mr Abbott was elected, there was about 512 mega tonnes of carbon pollution. Now it's 541 mega tonnes and it's going up to 563 mega tonnes of carbon pollution, so we are going up in pollution."", 'lifted', 'coming down', 'misleading', ""We will have achieved our 2030 emissions reduction target that we've set for ourselves in 2030.""]","['No tweets found', 'No tweets found', 'Quoted claim exceeds 280 characters', 'www.twitter.com/_amandawg_/status/1125956591868678145', 'www.twitter.com/DTEra9/status/1125949400944128001', 'www.twitter.com/amrendraks/status/1125955759362076672', 'No tweets found']"
214,pagination latest,https://www.abc.net.au/news/2019-05-08/fact-check-greens-coalition-spending-on-climate-change/11056180,False,,"['bugger all', 'I mean, 189 million bucks over the next four years. They are spending almost as much to keep Christmas Island open in the previous four weeks as they will spend in new money over the next four years on climate change.']","['www.twitter.com/Kevin55681890/status/1125510989846327298', 'No tweets found']"
215,pagination latest,https://www.abc.net.au/news/2019-05-06/zombie3a-dividend-imputation/11084344,False,,"['Over 80 per cent of people who are relying on their cash refunds have a taxable income under $37,000.']",['No tweets found']
216,pagination latest,https://www.abc.net.au/news/2019-05-03/fact-checking-the-second-leaders-debate-ausvotes2019/11079120,False,,[],[]
217,pagination latest,https://www.abc.net.au/news/2019-05-03/fact-check-electric-cars-australia-vs-oecd/11072962,False,,"['It would simply see us start to catch up with the rest of the world,']",['No tweets found']
218,pagination latest,https://www.abc.net.au/news/2019-05-02/fact-check-has-the-minimum-wage-increased-frydenberg/11053996,False,,"['The minimum wage has been growing at a faster rate than inflation, but also at a faster rate than average wages across the economy,', ' real minimum wage has gone up under us every year.']","['No tweets found', 'No tweets found']"
219,pagination latest,https://www.abc.net.au/news/2019-04-29/fact-check-perth-leaders-debate/11056388,False,,['record funding'],['www.twitter.com/gawdyhall/status/1118025153655582720']
220,pagination latest,https://www.abc.net.au/news/2019-04-29/fact-check-apprenticeships-drop-claim-bill-shorten/11049364,False,,"['crisis in trades training', 'They have a shocking record on vocational education,', ""It was 420,000 before the Abbott/Turnbull/Morrison government. Now it's south of 280,000 and declining."", 'tradie nation', 'What I need to do is remedy the crisis in trades training which the Abbott/Turnbull/Morrison governments have created in Australian apprenticeships,']","['No tweets found', 'No tweets found', 'No tweets found', 'www.twitter.com/billshortenmp/status/1110768996461101057', 'No tweets found']"
221,pagination latest,https://www.abc.net.au/news/2019-04-26/fact-check-did-labor-oppose-the-government-gun-reforms/11003182,False,,"['have the testicles of the Government in our hand at every given stage', 'guns, in the scheme of things, are still going to be the be-all and end-all', 'utterly stringent in protecting Australians and maintaining the strength and stringency of our gun laws', 'In fact, as a Government, we have twice tried to pass increased penalties and mandatory minimum penalties for gun traffickers, which has been opposed by the Labor Party,']","['www.twitter.com/meghnabali/status/1110252172346744832', 'www.twitter.com/Biggy1883/status/1110264158165958656', 'No tweets found', 'No tweets found']"
222,pagination latest,https://www.abc.net.au/news/2019-04-24/fact-check-bradfield-scheme-barnaby-joyce-drought/11029284,True,"['tweetedon March 3: ""Here in Victoria.', 'tweet was not the first time Mr Joyce had mentioned the scheme.']","['Here in Victoria. Bushfires and drought. We must be a nation of vision. The one thing we can do to drive a solution to reduce the effects of drought is build the Bradfield Scheme.', 'We could start the process of the Bradfield Scheme', 'The solution is moving from where we have too much to where not enough, from where there is an abundance to where there is paucity. This is something we could do.', 'The NSW Nationalsalso brought attention to the schemein February, with a promise to put ', ' to investigate building a modern version of the scheme.', ' they said in a Facebook post.']","['www.twitter.com/Barnaby_Joyce/status/1102397065160679424', 'No tweets found', 'No tweets found', 'No tweets found', 'No tweets found', 'No tweets found']"
223,pagination latest,https://www.abc.net.au/news/2019-04-18/fact-check-can-algorithms-screen-out-hate-content-social-media/10979770,False,,[],[]
224,pagination latest,https://www.abc.net.au/news/2019-04-17/fact-check-actu-sally-mcmanus-insecure-work/10983688,False,,"['Americanised economy', 'highest rate of temporary work in the OECD and the third-highest rate of insecure work']","['www.twitter.com/drchrishewitson/status/1097010896688373760', 'No tweets found']"
225,pagination latest,https://www.abc.net.au/news/2019-04-11/fact-check-coalition-emissions-reduction-angus-taylor/10936652,Error while scraping article url. Check article format,['Error while scraping article url. Check article format'],['Error while scraping article url. Check article format'],['Error while scraping article url. Check article format']
226,pagination latest,https://www.abc.net.au/news/2019-04-08/fact-check-mediicare-out-of-pocket-costs-kristina-kenneally/10975460,True,"['tweeted: ""Under  and the Liberals, out-of-pocket costs to visit a GP are up 25 per cent and out-of-pocket costs to visit a specialist are up 40 per cent — because of the Liberals\' & Nationals\' Medicare freeze.']","[""Under  and the Liberals, out-of-pocket costs to visit a GP are up 25 per cent and out-of-pocket costs to visit a specialist are up 40 per cent — because of the Liberals' & Nationals' Medicare freeze.""]",['No tweets found']
227,pagination latest,https://www.abc.net.au/news/2019-03-29/fact-check-labor-shorten-aged-care-misleading-claim/10950644,False,,"[""What's really scary is this Government's cut nearly $2 billion from aged-care services.""]",['No tweets found']
228,pagination latest,https://www.abc.net.au/news/2019-04-16/fact-check-analysis-emissions-morrison-taylor/11020106,Error while scraping article url. Check article format,['Error while scraping article url. Check article format'],['Error while scraping article url. Check article format'],['Error while scraping article url. Check article format']
229,pagination latest,https://www.abc.net.au/news/2019-04-09/fact-check-greg-hunt-health-costs-half-baked/10980718,True,"['tweets in response to Labor\'s announcement,one of whichclaimed: ""GP bulk-billing is up nearly 4 per cent from 82.']",['GP bulk-billing is up nearly 4 per cent from 82.2 per cent under Labor to a record 86.1 per cent under the Coalition Government — meaning that more patients are seeing their local GP without having to pay out-of-pocket costs.'],['No tweets found']
230,pagination latest,https://www.abc.net.au/news/2019-03-22/fact-check-nsw-votes-solar-power-usage/10919640,Error while scraping article url. Check article format,['Error while scraping article url. Check article format'],['Error while scraping article url. Check article format'],['Error while scraping article url. Check article format']
231,pagination latest,https://www.abc.net.au/news/2019-03-21/fact-check-nsw-votes-2019-domestic-violence-shelter-cuts/10910988,True,"['tweeton February 26 that: ""In 2014, the Liberals & Nationals cut $20 million from specialist domestic violence shelters.']","['In 2014, the Liberals & Nationals cut $20 million from specialist domestic violence shelters.', 'heartless government … over the last eight years.']","['www.twitter.com/michaeldaleyMP/status/1100523691295666178', 'No tweets found']"
232,pagination latest,https://www.abc.net.au/news/2019-03-18/fact-check-nsw-election-school-closures-openings-daley/10892542,Error while scraping article url. Check article format,['Error while scraping article url. Check article format'],['Error while scraping article url. Check article format'],['Error while scraping article url. Check article format']
233,pagination latest,https://www.abc.net.au/news/2019-03-15/fact-check-dutton-refugees-hospital-beds/10900474,True,"['tweeted: ""This is a baseless claim.']","[""people who'd need medical services in Australia are going to be displaced from those services because if you bring hundreds and hundreds of people from Nauru and Manus  down to our country they are going to go to the health network"", ""It's just a simple fact. If we've got to treat more people in Australia then obviously they're going to take the place of people who were getting that treatment anyway. It's just simple math."", 'a statement of fact', 'if more people come to Australia they will displace services that otherwise would be available for Australians', ""This is a baseless claim. Public hospitals can accommodate the health needs of asylum seekers without disadvantaging anyone. St Vincent's is happy to make its hospitals available to provide care to asylum seekers without affecting waiting lists."", ""Australia's health system has enough capacity to cope with the small number of additional patients likely to require treatment under the medivac arrangements.""]","['No tweets found', 'No tweets found', 'www.twitter.com/Cain21145562/status/1105821474076704769', 'No tweets found', 'www.twitter.com/LordSedgwick/status/1101063973439365120', 'www.twitter.com/AusHealthcare/status/1101380684139028480']"
234,pagination latest,https://www.abc.net.au/news/2019-03-08/fact-check-fact-check-international-womens-day-2019/10882844,False,,"['regressed to 46th in the world', 'and then slightly come back again to the thirties']","['No tweets found', 'No tweets found']"
235,pagination latest,https://www.abc.net.au/news/2019-03-07/fact-check-greens-nsw-homelessness-increase-housing-nsw-election/10872362,True,"['tweeted:""In NSW homelessness has jumped by more than 30 per cent in five years"".']","['housing crisis', 'In NSW homelessness has jumped by more than 30 per cent in five years']","['www.twitter.com/HousingFirstUK/status/1103231020411822080', 'No tweets found']"
236,pagination latest,https://www.abc.net.au/news/2019-03-06/fact-chec-nsw-votes-jobless-rate-46-per-cent-higher-under-labor/10867388,Error while scraping article url. Check article format,['Error while scraping article url. Check article format'],['Error while scraping article url. Check article format'],['Error while scraping article url. Check article format']
237,pagination latest,https://www.abc.net.au/news/2019-03-04/analysis-claims-labor-big-tax-policies-misleading/10861688,False,,[],[]
238,pagination latest,https://www.abc.net.au/news/2019-03-01/fact-check-medevac-refugees-offshore-coleman/10839222,False,,"['medevac bill', 'very, very low threshold', 'We expect that in short order substantially everyone will come to Australia,', ""The bill doesn't even require people to be sick … All that's required is that somebody says that it's necessary that  come to Australia for assessment.""]","['www.twitter.com/etbalitaree/status/1099814781458964480', 'No tweets found', 'No tweets found', 'No tweets found']"
239,pagination latest,https://www.abc.net.au/news/2019-02-28/fact-check-crimes-against-humanity-wilkie-nauru-manus-refugees/10824996,False,,"['We are a signatory to the Rome Statute,', ""The Rome Statute addresses crimes against humanity, and it's a crime against humanity to forcibly transfer anyone to a third country and to detain them indefinitely without trial.""]","['No tweets found', 'No tweets found']"
240,pagination latest,https://www.abc.net.au/news/2019-02-26/fact-check-does-labors-capital-gains-tax-policy-frydenberg/10845696,Error while scraping article url. Check article format,['Error while scraping article url. Check article format'],['Error while scraping article url. Check article format'],['Error while scraping article url. Check article format']
241,pagination latest,https://www.abc.net.au/news/2019-02-22/fact-check-have-homeownership-rates-for-young-people-dropped/10821084,Error while scraping article url. Check article format,['Error while scraping article url. Check article format'],['Error while scraping article url. Check article format'],['Error while scraping article url. Check article format']
242,pagination latest,https://www.abc.net.au/news/2019-02-20/fact-check-five-mcgs-of-native-forests-logged-in-victoria/10780846,Error while scraping article url. Check article format,['Error while scraping article url. Check article format'],['Error while scraping article url. Check article format'],['Error while scraping article url. Check article format']
243,pagination latest,https://www.abc.net.au/news/2019-02-11/fact-check-dutton-brown-dinatale-refugee-medical-transfers/10798654,False,,"['stupid', ""Labor's proposal is to dismantle offshore detention  essentially give the ability for two doctors — as has been pointed out, doctors including Dr Brown, Bob Brown, and Dr Richard Di Natale — potentially can provide the advice,""]","['www.twitter.com/zgfrr/status/1094654753991098368', 'No tweets found']"
244,pagination latest,https://www.abc.net.au/news/2019-02-07/fact-check-does-labor-have-twice-number-of-frontbench-women-/10696844,Error while scraping article url. Check article format,['Error while scraping article url. Check article format'],['Error while scraping article url. Check article format'],['Error while scraping article url. Check article format']
245,pagination latest,https://www.abc.net.au/news/2019-01-30/fact-check-labors-dividend-imputation-policy/10626204,False,,"['not fair', 'How is that fair on the lowest paid, those with low fixed incomes, those who are retired?', 'It is not fair.']","['www.twitter.com/TTKitten/status/1090151893010137088', 'No tweets found', 'www.twitter.com/lottery_trx/status/1089911040794681344']"
246,pagination latest,https://www.abc.net.au/news/2018-12-19/fact-check-is-the-island-nation-tuvalu-growing/10627318,False,,"['lefties', 'The science tells us that Tuvalu, which I often hear about, is actually growing not sinking,']","['www.twitter.com/Westview_Al/status/1074906578619252737', 'No tweets found']"
247,pagination latest,https://www.abc.net.au/news/2018-12-17/fact-check-are-emissions-coming-down-in-australia/10620194,False,,['emissions are coming down'],['www.twitter.com/waynechannon/status/1053055287370887169']
248,pagination latest,https://www.abc.net.au/news/2018-12-12/fact-check-removal-rates-of-indigenous-children/10566014,True,"['tweeted: ""It has been nearly a decade since Kevin Rudd\'s apology, yet child removal rates have increased by 400 per cent"".']","[""It has been nearly a decade since Kevin Rudd's apology, yet child removal rates have increased by 400 per cent""]",['No tweets found']
249,pagination latest,https://www.abc.net.au/news/2018-12-11/fact-check-have-the-liberals-doubled-net-debt/10595756,False,,['have doubled net debt in Australia'],['No tweets found']
