,Article Type,URL,Has Tweet Source?,Location Tweet Source
0,featured,https://www.abc.net.au/news/2021-11-26/coronacheck-melbourne-covid-protest-crowd-size/100650146,TRUE,"['tweeted', '""Unless there were also 100,000 marching in Melbourne last week, the claim isn\'t accurate,"" Professor Bongiorno, who is head of the School of History at ANU, said of Mr Kelly\'s tweet.']"
1,featured,https://www.abc.net.au/news/2021-11-19/coronacheck-craig-kelly-more-texts-united-australia-party/100630886,FALSE,
2,featured,https://www.abc.net.au/news/2021-11-12/coronacheck-daniel-andrews-new-proposed-pandemic-laws/100613606,FALSE,
3,featured,https://www.abc.net.au/news/2021-11-10/fact-check-private-jets-alexander-downer/100606692,FALSE,
4,featured,https://www.abc.net.au/news/2021-11-05/coronacheck-qr-codes-do-not-breach-australian-law/100593754,FALSE,
5,featured,https://www.abc.net.au/news/2021-10-29/coronacheck-prince-charles-fainting-man/100576262,FALSE,
6,featured,https://www.abc.net.au/news/2021-10-27/fact-check-gina-rinehart-polar-bears/100569118,FALSE,
7,default latest,https://www.abc.net.au/news/2021-10-25/fact-check-is-melbourne-most-locked-down-city/100560172,FALSE,
8,default latest,https://www.abc.net.au/news/2021-10-22/coronacheck-vaccinations-in-schools-informed-consent/100556640,FALSE,
9,default latest,https://www.abc.net.au/news/2021-10-21/are-fossil-fuels-australia-s-largest-export-barnaby-joyce/100553352,FALSE,
10,default latest,https://www.abc.net.au/news/2021-10-15/coronacheck-nsw-supreme-court-transcript-fake/100539064,FALSE,
11,default latest,https://www.abc.net.au/news/2021-10-13/fact-check-is-it-perfectly-legal-to-lie-in-a-political-ad-/100511796,FALSE,
12,default latest,https://www.abc.net.au/news/2021-10-08/coronacheck-poland-viral-video-embassy-protest/100521346,TRUE,"['""Poland stands with the Aussies"", states one widely shared tweet from what appears to be a Melbourne-based account.']"
13,default latest,https://www.abc.net.au/news/2021-10-06/morrison-businesses-refusing-unvaccinated-customers/100512488,FALSE,
14,default latest,https://www.abc.net.au/news/2021-10-01/coronacheck-martin-foley-vaccination-gaffe/100504420,FALSE,
15,default latest,https://www.abc.net.au/news/2021-09-24/coronacheck-dan-andrews-medicare-voice-recording/100485564,FALSE,
16,pagination latest,https://www.abc.net.au/news/2021-09-23/fact-check-annastacia-palaszczuk-doherty-modelling/100481476,TRUE,['tweeted the claim']
17,pagination latest,https://www.abc.net.au/news/2021-09-21/fact-check-teenagers-with-covid-19-ending-up-in-hospital/100467134,FALSE,
18,pagination latest,https://www.abc.net.au/news/2021-09-17/coronacheck-nicki-minaj-swollen-testicles-covid-19-vaccine/100467622,TRUE,"[""Minaj tweeted a dubious claim regarding the COVID-19 vaccine and her cousin's friend's testicles."", 'tweeting', '""Wait … so one of the side effects of taking Ivermectin is infertility??,"" one popular tweet read. ""I\'m changing my position and fully support Republican men\'s efforts to heal themselves. Keep going!!""']"
19,pagination latest,https://www.abc.net.au/news/2021-09-15/fact-check-misinformation-study/100460466,FALSE,
20,pagination latest,https://www.abc.net.au/news/2021-09-14/fact-check-does-australia-s-resettlement-of-refugees-rank-third/100436334,FALSE,
21,pagination latest,https://www.abc.net.au/news/2021-09-10/coronacheck-craig-kelly-text-messages/100446566,FALSE,
22,pagination latest,https://www.abc.net.au/news/2021-09-08/reality-check-ivermectin-covid19/100440624,TRUE,['accompanying tweet']
23,pagination latest,https://www.abc.net.au/news/2021-09-07/fact-check-did-real-wages-fall-2-1-per-cent/100436186,FALSE,
24,pagination latest,https://www.abc.net.au/news/2021-09-03/coronacheck-germany-vaccine-rollout-hasnt-been-paused/100429716,FALSE,
25,pagination latest,https://www.abc.net.au/news/2021-08-31/fact-check-clive-palmer-vaccine-passports-breach-constitution/100407330,TRUE,"['\xa0whether state border closures designed to prevent the spread of COVID-19 were in breach of section 117, after former foreign minister and high commissioner to the United Kingdom Alexander Downer published a tweet saying: ""I don\'t think an Australian state can legally close its borders to other Australians under section 117 of the constitution.""']"
26,pagination latest,https://www.abc.net.au/news/2021-08-27/coronacheck-school-student-vaccination-misinformation/100410132,TRUE,"['""House prices are going up $1200 a day,"" Mr Bandt said in a tweet on July 30. ""Great for property investors, a disaster for every casual worker with smashed savings.""']"
27,pagination latest,https://www.abc.net.au/news/2021-08-26/fact-check-are-house-prices-rising-by-1200-a-day/100405218,TRUE,"['July 30 tweet', 'In his tweet, Mr Bandt did not specify whether he was talking about a specific jurisdiction, or the nation as a whole.']"
28,pagination latest,https://www.abc.net.au/news/2021-08-25/gladys-berejiklian-sydney-lockdown-harshest-fact-check/100390380,FALSE,
29,pagination latest,https://www.abc.net.au/news/2021-08-20/coronacheck-poland-pfizer-doses-misinformation/100391090,TRUE,"['""This shows that peoples of Afghanistan are with [the] Taliban,"" a tweet featuring the video reads.', '""The United Nations has ruled that we can only eat 14g of red meat a day under net zero emissions,"" he tweeted.']"
30,pagination latest,https://www.abc.net.au/news/2021-08-17/fact-check-childcare-subsidies-alan-tudge/100370226,FALSE,
31,pagination latest,https://www.abc.net.au/news/2021-08-13/coronacheck-george-christensen-speech-parliament-lockdown-masks/100372200,TRUE,['tweeted Charlene White']
32,pagination latest,https://www.abc.net.au/news/2021-08-06/coronacheck-israel-higher-numbers-vaccinated-people-infected/100353540,FALSE,
33,pagination latest,https://www.abc.net.au/news/2021-08-03/covid-19-vaccine-rollout-scott-morrison-original-timetable/100342474,FALSE,
34,pagination latest,https://www.abc.net.au/news/2021-07-30/coronacheck-pcr-tests-cdc-covid-flu/100334096,TRUE,"['tweeted', 'With a federal election on the horizon, Opposition Leader Anthony Albanese has attacked the Coalition\'s record on Medicare funding, claiming in a tweet that ""it costs 34 per cent more to see your doctor today than it did when the Liberals came to power"".']"
35,pagination latest,https://www.abc.net.au/news/2021-07-29/fact-check-anthony-albanese-cost-of-seeing-your-doctor/100231472,TRUE,['tweet']
36,pagination latest,https://www.abc.net.au/news/2021-07-23/coronacheck-tiktok-nsw-case-numbers-prediction-sting/100313594,TRUE,['viral tweet']
37,pagination latest,https://www.abc.net.au/news/2021-07-22/fact-check-greg-hunt-on-free-gp-services-medicare/100285282,FALSE,
38,pagination latest,https://www.abc.net.au/news/2021-07-16/coronacheck-kristina-keneally-scott-morrison-wellcamp-airport/100296420,FALSE,
39,pagination latest,https://www.abc.net.au/news/2021-07-15/fact-check-is-hotel-quarantine-99-9-per-cent-successful/100289242,FALSE,
40,pagination latest,https://www.abc.net.au/news/2021-07-09/coronacheck-clive-palmer-animal-trials-covid-vaccine/100276974,FALSE,
41,pagination latest,https://www.abc.net.au/news/2021-07-02/coronacheck-singapore-road-map-to-normal-covid-19/100259804,TRUE,"['Adding to the intrigue were claims that Mr McAfee had tweeted that he had stored hard drives full of files in his condo at the collapsed building, tweets that were apparently captured in screenshots shared to Instagram.', '""McAfee did not publish the tweet cited in the Instagram post.']"
42,pagination latest,https://www.abc.net.au/news/2021-06-29/anthony-albanese-fact-check-real-wages-scott-morrison-australia/100242448,FALSE,
43,pagination latest,https://www.abc.net.au/news/2021-06-25/coronacheck-tiktok-vaccines-louise-hampton-vladimir-putin/100231468,FALSE,
44,pagination latest,https://www.abc.net.au/news/2021-06-10/coronavirus-vaccine-deaths-debunked-fact-check-clive-palmer/100197266,FALSE,
45,pagination latest,https://www.abc.net.au/news/2021-06-18/coronacheck-melbourne-anti-vaccine-boris-johnson-eriksen/100215852,TRUE,"[""According to tweets linking Eriksen's collapse to the vaccine, the chief medic and cardiologist for the player's club side, Inter Milan, had told Italian radio station Radio Sportiva that Eriksen had received the vaccine."", 'in a tweet', 'In a tweet, Mr Bandt wrote: ""$325 for someone working less than 20hrs is less than minimum wage, less than the average rent for a 1br place in Melb and below the poverty line.""', 'tweeted']"
46,pagination latest,https://www.abc.net.au/news/2021-06-11/coronacheck-pregnant-women-vaccines-coronavirus-miscarriage-risk/100201064,TRUE,['one popular tweet read']
47,pagination latest,https://www.abc.net.au/news/2021-06-17/fact-check-scott-morrison-adam-bandt-covid-disaster-payments/100220172,TRUE,"[' tweet', ""Mr Bandt's tweet\xa0gets mixed verdicts."", 'In his tweet, Mr Bandt said the Federal Government was ""leaving people in poverty"".']"
48,pagination latest,https://www.abc.net.au/news/2021-06-09/josh-frydenberg-fact-check-jobs-now-compared-before-pandemic/100191518,FALSE,
49,pagination latest,https://www.abc.net.au/news/2021-06-02/fact-check-morrison-coronavirus-recession-gfc-recession-30-times/100177354,FALSE,
50,pagination latest,https://www.abc.net.au/news/2021-06-04/coronacheck-vaccine-rollout-outside-top-100-mark-butler/100186682,TRUE,['in a tweet']
51,pagination latest,https://www.abc.net.au/news/2021-05-28/indian-variant-coronavirus-hong-kong-misinformation-coronacheck/100168742,FALSE,
52,pagination latest,https://www.abc.net.au/news/2021-05-26/andrew-liveris-incorrect-claim-feedstock-natural-gas-fact-check/100160172,FALSE,
53,pagination latest,https://www.abc.net.au/news/2021-05-27/fact-check-scott-morrison-unemployment-benefit-howard-era/100130404,FALSE,
54,pagination latest,https://www.abc.net.au/news/2021-05-21/coronavirus-nuremberg-code-wwii-fake-news-coronacheck/100139658,FALSE,
55,pagination latest,https://www.abc.net.au/news/2021-05-17/scott-morrison-red-carpet-raaf-williamtown-visit-fact-check/100139660,FALSE,
56,pagination latest,https://www.abc.net.au/news/2021-05-14/airlines-debunk-vaccinated-travellers-ban-rumours-coronacheck/100134084,TRUE,"['tweeted', 'tweet']"
57,pagination latest,https://www.abc.net.au/news/2021-05-11/fact-check-climate-change-targets-kevin-rudd-turnbull/100106860,FALSE,
58,pagination latest,https://www.abc.net.au/news/2021-05-07/coronacheck-covid19-vaccine-cannot-shed-like-other-jabs/100118552,FALSE,
59,pagination latest,https://www.abc.net.au/news/2021-04-16/scott-morrison-claims-australia-vaccination-rollout-fact-check/100070100,FALSE,
60,pagination latest,https://www.abc.net.au/news/2021-04-30/coronacheck-menstruation-periods-vaccines-misinformation-facts/100099778,FALSE,
61,pagination latest,https://www.abc.net.au/news/2021-04-23/face-masks-coronavirus-conspiracy-theories-coronacheck/100085014,TRUE,"['""Only now is the truth coming out about the devastating damage that may have been caused by failing to consider the evidence!,"" Mr Kelly tweeted.', 'In a series of tweets']"
62,pagination latest,https://www.abc.net.au/news/2021-04-14/fact-file-rupert-murdoch-media-reach-in-australia/100056660,FALSE,
63,pagination latest,https://www.abc.net.au/news/2021-04-16/coronacheck-vaccination-south-african-variant-lockdowns-myths/100030216,FALSE,
64,pagination latest,https://www.abc.net.au/news/2021-04-09/coronacheck-vaccine-efficacy-effectiveness-whats-the-difference/100055578,FALSE,
65,pagination latest,https://www.abc.net.au/news/2021-04-01/coronacheck-malcolm-roberts-vaccine-side-effects-yellow-card/100041806,TRUE,"[""But does the tweet accurately represent the UK Government's official data?"", 'But as the article itself concedes, the figures in the tweet relate to suspected side effects, not actual instances of side effects — an important detail omitted by the post.']"
66,pagination latest,https://www.abc.net.au/news/2021-03-26/coronacheck-papua-new-guinea-misinformation-covid-surge/100029154,FALSE,
67,pagination latest,https://www.abc.net.au/news/2021-03-23/fact-check-nbn-co-bonuses-paul-fletcher/100020864,FALSE,
68,pagination latest,https://www.abc.net.au/news/2021-03-19/coronacheck-vaccine-misinformation-debunked/13258256,FALSE,
69,pagination latest,https://www.abc.net.au/news/2021-03-12/coronacheck-pcr-tests-ct-cycles-misinformation/13237684,TRUE,"['In one example, a widely shared (but since deleted) tweet suggested that the WHO had issued advice to countries to reduce the number of PCR cycles undertaken in test analyses as the ""current cycle was much too high"" and resulted in ""any particle being declared a positive case"".']"
70,pagination latest,https://www.abc.net.au/news/2021-03-11/fact-check-pfizer-vaccine-deals-made-around-the-world/13233572,FALSE,
71,pagination latest,https://www.abc.net.au/news/2021-03-05/coronacheck-clive-palmer-overdose-vaccine-approval-emergency/13212336,FALSE,
72,pagination latest,https://www.abc.net.au/news/2021-02-26/coronacheck-scott-morrison-pfizer-vaccine-facebook/13190970,FALSE,
73,pagination latest,https://www.abc.net.au/news/2021-02-23/fact-check-is-welfare-dependency-the-lowest-for-30-years/13178984,FALSE,
74,pagination latest,https://www.abc.net.au/news/2021-02-19/coronacheck-aerosol-airborne-spread-covid-19/13167842,TRUE,"["" to Mr Smith's tweet, Professor Sutton explained that all COVID-19 directions are written as applying to the current State of Emergency period which, in this case, is slated to end on February 26.""]"
75,pagination latest,https://www.abc.net.au/news/2021-02-12/coronacheck-craig-kelly-tanya-plibersek-fight-parliament-covid/13144628,FALSE,
76,pagination latest,https://www.abc.net.au/news/2020-12-29/2020:-the-year-in-fact-checking/13019870,FALSE,
77,pagination latest,https://www.abc.net.au/news/2020-12-23/coronavirus-and-2020-the-year-of-the-infodemic/12997042,FALSE,
78,pagination latest,https://www.abc.net.au/news/2020-12-18/did-australia-post-use-taxpayers-money-to-purchase-cartier-watch/12967188,FALSE,
79,pagination latest,https://www.abc.net.au/news/2020-12-11/coronacheck-flyer-dropped-in-letterbox-chris-bowen-mp/12971456,TRUE,['tweeted']
80,pagination latest,https://www.abc.net.au/news/2020-12-10/fact-check-anao-funding-has-the-coalition-gutted/12962116,TRUE,"['he tweeted.', ""The day before Mr Albanese's tweet, two of his federal Labor colleagues made a similar but more detailed claim in a "", 'Mr Albanese\'s tweet referred to action by the Liberals in ""just seven years"".']"
81,pagination latest,https://www.abc.net.au/news/2020-12-04/coronacheck-man-choked-pub-not-for-not-wearing-a-mask/12945906,FALSE,
82,pagination latest,https://www.abc.net.au/news/2020-12-01/fact-check-have-emissions-fallen-just-1-per-cent-under-coalition/12927804,FALSE,
83,pagination latest,https://www.abc.net.au/news/2020-11-27/coronacheck-astrazeneca-vaccine-vial-planned-simple-explanation/12924070,FALSE,
84,pagination latest,https://www.abc.net.au/news/2020-11-20/coronacheck-why-victoria-still-has-three-active-cases-covid19/12900282,TRUE,"['Facebook and Twitter both labelled Mr Trump\'s assertion on Monday that he had ""won the election"" with notes stating that the election had actually been called for Democratic challenger Joe Biden, with Twitter also blocking retweets of some of Mr Trump\'s false claims.', 'Speaking at the Senate hearing, Twitter CEO Jack Dorsey said the company had flagged around 300,000 tweets between October 27 and November 11 — 0.2 per cent of all US election tweets — for content that was ""disputed and potentially misleading"".']"
85,pagination latest,https://www.abc.net.au/news/2020-11-19/fact-check-humanities-science-graduates-uni-fee-changes/12822186,FALSE,
86,pagination latest,https://www.abc.net.au/news/2020-11-13/coronacheck-danish-mink-farm-cull-mutation/12875746,TRUE,"[' on almost four in every 10 of his tweets in the days following the election.', ' that come January 20, Mr Trump\'s Twitter activity will be subject to the same rules as any other user of the site, meaning misleading tweets that would currently be labelled with a ""public interest"" notice would instead be deleted.']"
87,pagination latest,https://www.abc.net.au/news/2020-11-06/coronacheck-melbourne-masks-refusal-of-entry-discrimination/12851824,TRUE,"['In a recent tweet, Greens leader Adam Bandt said coal and gas must be kept in the ground ""to have any chance of stopping runaway global warming"".']"
88,pagination latest,https://www.abc.net.au/news/2020-11-03/fact-check-is-gas-just-as-dirty-as-coal-adam-bandt/12838066,TRUE,"['September 23 tweet', ""Mr Bandt's claim was tweeted in response to a September 23 "", 'In his tweet, Mr Bandt refers to a ""climate emergency"", stating that ""toxic"" methane is up to 86 times more potent for the climate than carbon dioxide.', 'The figure referred to by Mr Bandt in his tweet — that methane is up to 86 times more potent than carbon dioxide for the climate — is consistent with analyses over a 20-year timeframe, as ']"
89,pagination latest,https://www.abc.net.au/news/2020-10-30/coronacheck-us-election-donald-trump-joe-biden-fact-check/12826498,TRUE,['a tweet']
90,pagination latest,https://www.abc.net.au/news/2020-10-29/fact-check-queensland-health-workers-cuts/12819864,FALSE,
91,pagination latest,https://www.abc.net.au/news/2020-10-28/fact-check-queensland-unemployment-before-covid-19-coronavirus/12782678,FALSE,
92,pagination latest,https://www.abc.net.au/news/2020-10-23/coronacheck-craig-kelly-george-christensen-hydroxychloroquine/12802672,FALSE,
93,pagination latest,https://www.abc.net.au/news/2020-10-16/coronacheck-liberal-national-party-unemployment-queensland-covid/12770182,TRUE,"['tweeting', '""This is the problem with a witch hunt,"" he tweeted.', 'tweeted']"
94,pagination latest,https://www.abc.net.au/news/2020-10-15/fact-check-indigenous-employment-in-mining-matt-canavan/12764416,TRUE,"['""This is the problem with a witch hunt,"" he tweeted. ""It always ends in an over-reaction. Mining employs Indigenous people at a greater rate than any other industry. You don\'t help Indigenous people by stopping mining.""']"
95,pagination latest,https://www.abc.net.au/news/2020-10-09/coronacheck-scott-morrison-port-botany-40-ships-waterfront/12744674,TRUE,"[' one viral tweet that purported to show photos of Mr Trump using a portable oxygen tank as he boarded his helicopter en route to the Walter Reed Medical Centre to receive treatment.', '""Pretty sure Trump boarded Marine One with a portable oxygen concentrator in his pocket with the nasal cannula going up his back, hidden in his hair and tucked under his mask,"" the tweet read, alongside photos.', 'But a video analysis by Lead Stories found that the ""cannula"" pointed to by the tweeter was likely just Mr Trump\'s hair, with no evidence of a wire extending into his mask.', 'tweeted']"
96,pagination latest,https://www.abc.net.au/news/2020-10-02/coronacheck-death-certificates-true-covid-death-rate/12721210,TRUE,['tweet']
97,pagination latest,https://www.abc.net.au/news/2020-10-01/fact-check-was-victorias-lockdown-most-severe-oustide-wuhan/12690432,FALSE,
98,pagination latest,https://www.abc.net.au/news/2020-09-25/coronacheck-scott-morrison-sweden-coronavirus-deaths/12698478,FALSE,
99,pagination latest,https://www.abc.net.au/news/2020-09-21/fact-check-would-sydney-be-under-curfew-melbourne-lockdown-vic/12664546,FALSE,
100,pagination latest,https://www.abc.net.au/news/2020-09-18/clive-palmer-western-australia-hard-border-suicides-covid-19/12674076,FALSE,
101,pagination latest,https://www.abc.net.au/news/2020-09-16/fact-file-mandatory-vaccination-is-it-possible/12661804,FALSE,
102,pagination latest,https://www.abc.net.au/news/2020-09-15/fact-file-emergency-powers-state-of-emergency-lockdown-victoria/12660726,FALSE,
103,pagination latest,https://www.abc.net.au/news/2020-09-11/coronacheck-daniel-andrews-testing-increase-protest-covid-19/12649712,FALSE,
104,pagination latest,https://www.abc.net.au/news/2020-09-10/fact-check-aged-care-funding-accountability/12607618,FALSE,
105,pagination latest,https://www.abc.net.au/news/2020-09-04/coronacheck-berlin-anti-lockdown-protest-freedom-day-covid-19/12626478,TRUE,"[' this week after being retweeted by President Donald Trump.', '""This week the CDC quietly updated the Covid number to admit that only 6% of all the 153,504 deaths recorded actually died from Covid,"" read the tweet, which was posted by a follower of the sprawling ', '""That\'s 9,210 deaths,"" the tweet said.', 'tweeted']"
106,pagination latest,https://www.abc.net.au/news/2020-09-03/-are-people-being-allowed-to-access-their-super-without-scrutiny/12618002,FALSE,
107,pagination latest,https://www.abc.net.au/news/2020-08-28/coronacheck-pauline-hanson-sweden-switzerland-taiwan-lockdowns/12601748,FALSE,
108,pagination latest,https://www.abc.net.au/news/2020-08-25/fact-file-vaccine-development-smallpox-polio-ebola-sars-covid-19/12574204,FALSE,
109,pagination latest,https://www.abc.net.au/news/2020-08-21/coronacheck-wa-death-certificate-covid-19/12578946,FALSE,
110,pagination latest,https://www.abc.net.au/news/2020-08-15/fact-check-is-aged-care-a-federal-government-responsibility/12553808,FALSE,
111,pagination latest,https://www.abc.net.au/news/2020-08-14/coronacheck-nursing-homes-aged-care-coronavirus-payment-death/12554278,FALSE,
112,pagination latest,https://www.abc.net.au/news/2020-08-13/fact-check-budget-debt-coronavirus-pandemic/12545628,FALSE,
113,pagination latest,https://www.abc.net.au/news/2020-08-12/fact-check-defence-force-coronavirus-fact-file-hotel-quarantine/12522492,FALSE,
114,pagination latest,https://www.abc.net.au/news/2020-08-07/coronacheck-craig-kelly-daniel-andrews-hydroxychloroquine-covid/12530576,FALSE,
115,pagination latest,https://www.abc.net.au/news/2020-07-31/coronacheck-clive-palmer-covid-19-comparison-hepatitis-b/12506842,TRUE,['retweeting it']
116,pagination latest,https://www.abc.net.au/news/2020-07-29/fact-check-matt-canavan-fossil-fuel-industry-subsidies/12496310,FALSE,
117,pagination latest,https://www.abc.net.au/news/2020-07-24/coronacheck-black-lives-matter-melbourne-andrew-bolt-masks/12481360,TRUE,['in a tweet']
118,pagination latest,https://www.abc.net.au/news/2020-07-17/coronacheck-melbourne-masks-are-they-effective/12462034,TRUE,"['tweeted', 'tweeted', 'tweet']"
119,pagination latest,https://www.abc.net.au/news/2020-07-16/fact-check-are-there-no-cuts-to-abc-funding/12417226,TRUE,"['tweeted', ' a screenshot of the budget papers in response to a tweet from Opposition Leader Anthony Albanese, which omitted the 2022-23 figures.', 'tweeted']"
120,pagination latest,https://www.abc.net.au/news/2020-07-10/coronacheck-anthony-albanese-csiro-cuts-covid-19/12438170,FALSE,
121,pagination latest,https://www.abc.net.au/news/2020-07-03/coronacheck-anti-vaxxers-flood-online-poll-pete-evans/12415860,FALSE,
122,pagination latest,https://www.abc.net.au/news/2020-07-02/fact-check-scott-morrison-slavery-nsw-australia/12407280,FALSE,
123,pagination latest,https://www.abc.net.au/news/2020-06-26/coronacheck-victoria-black-lives-matter-protests-family-spike/12391628,TRUE,"['\xa0of the Institute of Public Affairs, tweeted similar criticisms, while\xa0']"
124,pagination latest,https://www.abc.net.au/news/2020-06-19/coronacheck-covid-safe-google-android-coronavirus/12367852,FALSE,
125,pagination latest,https://www.abc.net.au/news/2020-06-17/fact-check-wa-emergency-powers-vaccination-covid-19/12349842,TRUE,"[""The tweet includes a screenshot of Western Australia's declaration of a public health state of emergency and two screenshots that are untitled but mirror the wording of the WA Public Health Act. There is also a link to the Public Health Act under the original tweet."", 'The tweet was then shared in the Facebook group ', ' identifies COVID-19 specific acts, but there is no ""COVID-19 Emergency Powers Act"" as mentioned in the tweet.', 'However, the emergency powers mentioned in the tweet are contained in sections 184 and 185 of the Public Health Act 2016.', ' on the day the tweet was posted on Twitter.']"
126,pagination latest,https://www.abc.net.au/news/2020-06-13/coronacheck-mask-wearing-carbon-dioxide-covid-19/12346344,FALSE,
127,pagination latest,https://www.abc.net.au/news/2020-06-12/fact-check-analysis-foreign-workers-visas-457/12334900,FALSE,
128,pagination latest,https://www.abc.net.au/news/2020-06-13/coronacheck-usb-drive-sticker-covid-19/12338622,TRUE,"['""The co-ordinated efforts to promote the bioweapon conspiracy theory focused on 882 original tweets, which were retweeted 18,498 times and liked 31,783 times, creating an estimated 5 million impressions on Twitter users,""\xa0']"
129,pagination latest,https://www.abc.net.au/news/2020-06-10/fact-check-victoria-nsw-covid-19-testing-rates/12312034,TRUE,"['tweeted', ""Though not quite the second place her tweet implied, this rate was certainly among the world's highest."", ""Cited in Ms Mikakos's tweet, Our World in Data is run by Oxford University researchers and collates test figures from official government sources."", ""Ms Mikakos's tweet from that time ""]"
130,pagination latest,https://www.abc.net.au/news/2020-06-13/coronacheck-hand-sanitiser-combust-hot-car-fire/12326750,TRUE,"['series of tweets', 'in a series of tweets']"
131,pagination latest,https://www.abc.net.au/news/2020-06-03/fact-check-migrant-workers-457-temporary-visas/12299180,FALSE,
132,pagination latest,https://www.abc.net.au/news/2020-06-13/coronacheck-template/12307030,TRUE,"['While fact checkers have spent countless hours over recent years verifying and debunking US President Donald Trump’s tweets, the introduction of an official fact check warning label by Twitter appears to have been a tipping point for Mr Trump.', 'In response to having his tweets about postal voting labelled by the social media platform, Mr Trump\xa0', 'Mr Trump\xa0then went on to reference the warning label placed on his tweets, which he said was done in a matter ""that clearly reflects political bias"".', '""As has been reported, Twitter seems never to have placed such a label on another politician’s tweet,""\xa0he said, citing tweets from his political opponents as an example.', '""As recently as last week, [Democratic] Representative Adam Schiff was continuing to mislead his followers by peddling the long-disproved Russian Collusion Hoax, and Twitter did not flag those tweets.""', 'tweeting']"
133,pagination latest,https://www.abc.net.au/news/2020-06-13/coronacheck-more-bill-gates-conspiracy-theories-covid-19/12299920,TRUE,"["" warning labels to two of US President Donald Trump's tweets "", 'the tweets', 'A label added to the tweets shows an exclamation mark and links ', "" and refutes inaccuracies in Mr Trump's tweets.""]"
134,pagination latest,https://www.abc.net.au/news/2020-05-28/fact-check-coronavirus-leaflet-dropped-melbourne/12288054,FALSE,
135,pagination latest,https://www.abc.net.au/news/2020-05-26/coronacheck-barnaby-joyce-snake-bite-covid-19-deaths/12282156,TRUE,"['In the UK, a partnership between Twitter and the government means users searching for 5G conspiracy tweets\xa0']"
136,pagination latest,https://www.abc.net.au/news/2020-05-23/coronacheck-covid-19-tests-measles-ebola-cold/12276130,FALSE,
137,pagination latest,https://www.abc.net.au/news/2020-05-21/has-hydroxychloroquine-helped-australia-flatten-the-death-curve/12256996,FALSE,
138,pagination latest,https://www.abc.net.au/news/2020-05-22/coronacheck-microsoft-crop-circle-covid-a9-coronavirus/12262540,TRUE,"['A screenshot of what appears to be a tweet, which was sent to us by a reader, alleges that a 2017 study showed that people who had received a flu vaccine would be the ""first to die"" in a global pandemic.', 'The tweet, which RMIT ABC Fact Check believes\xa0', 'The archived page shown in the tweet contains an article headlined ""BOMBSHELL: Flu Shots Scientifically Proven to Weaken Immune Response in Subsequent Years"", which cites a 2017 study conducted by Lisa Christian of the Ohio State Medical Centre.', 'tweet', 'tweet', 'The harsh words prompted Mr Trump to retweet a\xa0']"
139,pagination latest,https://www.abc.net.au/news/2020-05-20/fact-check-covid-19-virus-names-sars-mers-ebola-hendra-zika/12262472,FALSE,
140,pagination latest,https://www.abc.net.au/news/2020-05-18/coronavirus-australia-food-security-supermarket-shelves/12244820,FALSE,
141,pagination latest,https://www.abc.net.au/news/2020-05-16/coronacheck-shanelle-cartwright-flu-vaccination-covid19/12245520,TRUE,['tweeted']
142,pagination latest,https://www.abc.net.au/news/2020-05-08/fact-check-being-unemployed-for-a-year-reduces-chances-of-work/12211296,FALSE,
143,pagination latest,https://www.abc.net.au/news/2020-05-16/coronacheck-number-16/12235726,TRUE,"["", hundreds of Facebook groups and pages and thousands of tweets pushing unproven UV therapies remained live as of April 30, a week after Mr Trump's comments. More than 5,000 posts, videos and comments promoting the use of disinfectants as a virus cure remained on Facebook, YouTube and Twitter.""]"
144,pagination latest,https://www.abc.net.au/news/2020-05-16/coronacheck-obama-wuhan-institute-of-virology/12228386,TRUE,"['tweeted', 'tweeted out']"
145,pagination latest,https://www.abc.net.au/news/2020-05-07/coronacheck-tasuku-honjo-fake-news-covid-19/12211472,TRUE,"[', shared on Twitter and retweeted more than 250 times, is captioned: ""Protect our doctors & nurses by not buying medical supplies from bloody #China!""']"
146,pagination latest,https://www.abc.net.au/news/2020-05-06/fact-check-is-australia-getting-better-covid19-outcomes-than-nz/12215476,FALSE,
147,pagination latest,https://www.abc.net.au/news/2020-05-02/coronacheck-clive-palmer-hydroxychloroquine-covid-19/12203608,TRUE,"['Hydroxychloroquine received global attention after US President Donald Trump tweeted that it would be a ""game changer""\xa0in the fight against the coronavirus, based on small, preliminary trials in ']"
148,pagination latest,https://www.abc.net.au/news/2020-05-01/coronacheck-elisa-granato-is-not-dead-covid-19-vaccine/12193636,TRUE,"['tweeted', 'The UK Department of Health and Social Care also tweeted that the news was ""completely untrue"".']"
149,pagination latest,https://www.abc.net.au/news/2020-04-28/fact-file-epidemics-and-pandemics-covid-19/12119486,FALSE,
150,pagination latest,https://www.abc.net.au/news/2020-04-26/coronacheck-boris-johnson-officialsecretsact-covid-19/12177670,TRUE,['This tweet accompanying a video claimed Chinese people are banned in Australian supermarkets.']
151,pagination latest,https://www.abc.net.au/news/2020-04-23/fact-check-state-border-closures-australian-constitution-corona/12164440,TRUE,"["" the day before Mr Downer's tweet, travellers are barred unless providing essential services under the state's "", 'In his tweet, Mr Downer referred to section 117 of the ']"
152,pagination latest,https://www.abc.net.au/news/2020-04-26/corona-check-5g-conspiracy-theories/12173846,TRUE,"['After drawing a backlash, Ms Conway tweeted that she was aware the figure 19 referred to the year 2019.', '""Point: WHO has received billion$ from USA for decades; it should see pandemics coming & be honest,"" she tweeted.']"
153,pagination latest,https://www.abc.net.au/news/2020-04-26/pete-evans-coronavirus-biocharger-coronacheck/12173738,TRUE,['in a tweet']
154,pagination latest,https://www.abc.net.au/news/2020-04-26/newsletter-fact-check-coronavirus-is-not-a-bioweapon/12150450,FALSE,
155,pagination latest,https://www.abc.net.au/news/2020-04-26/coronacheck-adelaide-ice-rink/12150402,TRUE,"[""This tweet claims an orangutang started mimicking humans washing their hands during the COVID-19 crisis, but it's been debunked.""]"
156,pagination latest,https://www.abc.net.au/news/2020-04-07/comparing-australia-with-singapore-coronavirus/12107106,FALSE,
157,pagination latest,https://www.abc.net.au/news/2020-04-09/corona-check-covid-19-misinformation/12128014,TRUE,['used twitter']
158,pagination latest,https://www.abc.net.au/news/2020-04-03/fact-file-are-we-turning-coronavirus-corner-flatten-the-curv/12113410,FALSE,
159,pagination latest,https://www.abc.net.au/news/2020-04-09/coronavirus-newsletter-edition-4/12114166,FALSE,
160,pagination latest,https://www.abc.net.au/news/2020-04-01/corona-check-ibuprofen-vaccine-pets/12105792,FALSE,
161,pagination latest,https://www.abc.net.au/news/2020-04-01/coronacheck-lions-in-russia-belgium-group-sex-ban/12105894,FALSE,
162,pagination latest,https://www.abc.net.au/news/2020-03-30/fact-file-casual-employment-paid-leave-entitlements/12089056,FALSE,
163,pagination latest,https://www.abc.net.au/news/2020-03-27/coronacheck-coronavirus-misinformation-debunked/12088960,FALSE,
164,pagination latest,https://www.abc.net.au/news/2020-03-12/fact-check-pauline-hanson-transgender-children-census/12044974,FALSE,
165,pagination latest,https://www.abc.net.au/news/2020-03-06/fact-check-craig-kelly-rainfall-drought/12016214,FALSE,
166,pagination latest,https://www.abc.net.au/news/2020-02-27/who-are--scientists-professionals-who-say-no-climate-emergency/11734966,FALSE,
167,pagination latest,https://www.abc.net.au/news/2020-02-25/rmit-abc-fact-check-police-sniffer-dogs-update/11994782,FALSE,
168,pagination latest,https://www.abc.net.au/news/2020-02-18/fact-check-peter-dutton-arson-250-charged/11971454,FALSE,
169,pagination latest,https://www.abc.net.au/news/2020-02-13/fact-check-barista-vs-coal-mining-jobs/11958124,FALSE,
170,pagination latest,https://www.abc.net.au/news/2020-02-04/fact-check-facial-recognition-darker-skin/11781192,FALSE,
171,pagination latest,https://www.abc.net.au/news/2020-01-31/fact-check-have-bushfires-killed-more-than-a-billion-animals/11912538,FALSE,
172,pagination latest,https://www.abc.net.au/news/2020-01-22/prescribed-burning-nsw-backburning-hazard-reduction/11878316,FALSE,
173,pagination latest,https://www.abc.net.au/news/2020-01-15/is-arson-mostly-to-blame-for-the-bushfire-crisis/11865724,FALSE,
174,pagination latest,https://www.abc.net.au/news/2019-12-20/hazard-reduction-burns-bushfires/11817336,FALSE,
175,pagination latest,https://www.abc.net.au/news/2019-12-05/fact-check-are-nsw-firefighters-facing--budget-cuts/11747396,FALSE,
176,pagination latest,https://www.abc.net.au/news/2019-11-29/fact-check-is-the-cfmmeu-most-unlwaful-union-in-history/11746820,FALSE,
177,pagination latest,https://www.abc.net.au/news/2019-11-20/fact-check-australia-carbon-emissions-fossil-fuel-exports/11645670,TRUE,"['recent tweet', '""The science is clear,"" Mr Cannon-Brookes tweeted. ""Coal is the #1 source of climate damage. Our world is at war & Aus is one of the principal arms dealers!""', 'Although Mr Cannon-Brookes did not specify in his tweet that he was referring to emissions linked only to burning fossil fuels, this figure aligns more closely with his claim. ', 'Although Mr Cannon-Brookes did not specify in his tweet whether he was referring to emissions linked to burning fossil fuels, this figure is more consistent with his claim.', '""Ideally, if Mr Cannon-Brookes meant this, he should have said it, but it was a tweet, so there are limits on the amount of context that can be provided.""']"
178,pagination latest,https://www.abc.net.au/news/2019-11-14/fact-check-did-high-fire-danger-indices-come-earlier-this-year/11506082,FALSE,
179,pagination latest,https://www.abc.net.au/news/2019-11-12/zombie-did-the-government-cut-1-point-2-billion-from-aged-care/11687258,FALSE,
180,pagination latest,https://www.abc.net.au/news/2019-11-08/fact-check-carbon-emissions-under-the-coalition/11662018,FALSE,
181,pagination latest,https://www.abc.net.au/news/2019-10-24/zombie---angus-taylor-emissions-abatement-kyoto-protocol/11630780,FALSE,
182,pagination latest,https://www.abc.net.au/news/2019-10-10/fact-check3a-is-australia-the-only-first-world-nation-with-a-c/11583706,FALSE,
183,pagination latest,https://www.abc.net.au/news/2019-10-03/fact-check-barnaby-joyce-poorest-electorates/11437932,FALSE,
184,pagination latest,https://www.abc.net.au/news/2019-09-30/morrison-un-speech/11553594,FALSE,
185,pagination latest,https://www.abc.net.au/news/2019-09-23/fact-check3a-are-the-rules-of-confession-in-the-bible3f/11528838,TRUE,"['Secretary of the Australian Council of Trade Unions, Sally McManus, tweeted that the Pope had declared wage theft a mortal sin, and that the repercussions were eternal punishment.']"
186,pagination latest,https://www.abc.net.au/news/2019-09-13/did-the-coalition-inherit-an-emissions-deficit-scott-morrison/11506064,FALSE,
187,pagination latest,https://www.abc.net.au/news/2019-09-12/is-renewable-power-cheaper-than-coal-nuclear-malcolm-turnbull/11495558,TRUE,['tweet']
188,pagination latest,https://www.abc.net.au/news/2019-09-10/fact-check-religious-freedom-laws/11455850,FALSE,
189,pagination latest,https://www.abc.net.au/news/2019-09-04/fact-check-nsw-abortion-law-victoria/11474570,FALSE,
190,pagination latest,https://www.abc.net.au/news/2019-08-29/fact-check-mabo-decision-high-court-dispossession-pauline-hanson/11342504,FALSE,
191,pagination latest,https://www.abc.net.au/news/2019-08-20/are-marks-to-get-into-teaching-getting-lower-and-lower/11387970,TRUE,"['a tweet', ""Ms Plibersek's tweet isn't the first time she has criticised entry standards for teacher training."", ""Ms Plibersek's tweet said marks were getting lower and lower.""]"
192,pagination latest,https://www.abc.net.au/news/2019-08-14/fact-check-newstart-90-percent-of-payments-another-payment/11405036,FALSE,
193,pagination latest,https://www.abc.net.au/news/2019-08-12/fact-check-social-housing-lowest-level/11403298,FALSE,
194,pagination latest,https://www.abc.net.au/news/2019-08-01/fact-check-economic-growth-global-financial-crisis/11367650,FALSE,
195,pagination latest,https://www.abc.net.au/news/2019-07-31/fact-check-pauline-hanson-population-growth-migration/11360502,TRUE,"['Senator Hanson said in a tweet: ""The Australian population grew by 400,000 people last year. The majority of this came from overseas migration.""', 'Senator Hanson included in her tweet a ', 'Senator Pauline Hanson: tweet, June 20 2019']"
196,pagination latest,https://www.abc.net.au/news/2019-07-17/fact-check-australia-paid-parental-leave/11270456,FALSE,
197,pagination latest,https://www.abc.net.au/news/2019-07-15/fact-check-homelessness-luke-howarth/11300248,FALSE,
198,pagination latest,https://www.abc.net.au/news/2019-07-11/fact-check-are-there-54000-jobs-in-thermal-coal-mining/11198150,FALSE,
199,pagination latest,https://www.abc.net.au/news/2019-07-04/fact-check3a-is-it-correct-that-driving-from-sydney-to-melbour/11267090,FALSE,
200,pagination latest,https://www.abc.net.au/news/2019-06-24/fact-checka-are-there-only-130-people-who-can-speak-mandarin/11235484,FALSE,
201,pagination latest,https://www.abc.net.au/news/2019-06-20/is-victoria-spending-more-than-the-commonwealth-infrastructure/11209882,FALSE,
202,pagination latest,https://www.abc.net.au/news/2019-06-13/fact-check-adani-mine-queensland-approval/11191744,FALSE,
203,pagination latest,https://www.abc.net.au/news/2019-06-05/fact-check-scott-morrisons-cabinet-contain-record-women/11155528,FALSE,
204,pagination latest,https://www.abc.net.au/news/2019-05-30/fact-check-poverty-working-poor-adam-bandt/11147608,TRUE,['tweeted']
205,pagination latest,https://www.abc.net.au/news/2019-05-17/federal-election-fact-check-cancer-costs-morrison/11114456,FALSE,
206,pagination latest,https://www.abc.net.au/news/2019-05-16/federal-election-fact-check-wages-first-debate-bill-shorten/11072026,FALSE,
207,pagination latest,https://www.abc.net.au/news/2019-05-15/federal-election-fact-check-childcare-costs/11111848,FALSE,
208,pagination latest,https://www.abc.net.au/news/2019-05-14/federal-election-fact-check-clive-palmer-zombie/11108108,FALSE,
209,pagination latest,https://www.abc.net.au/news/2019-05-13/federal-election-fact-check-underemployment-shorten/11102694,FALSE,
210,pagination latest,https://www.abc.net.au/news/2019-05-12/federal-election-fact-check-coalition-cuts-public-school-funding/11084514,FALSE,
211,pagination latest,https://www.abc.net.au/news/2019-05-10/federal-election-fact-check-electric-vehicle-tow-boat/11078464,FALSE,
212,pagination latest,https://www.abc.net.au/news/2019-05-09/federal-election-fact-check-cost-of-coalition-tax-cuts/11092856,FALSE,
213,pagination latest,https://www.abc.net.au/news/2019-05-08/federal-election-fact-checking-third-leaders-debate/11093862,FALSE,
214,pagination latest,https://www.abc.net.au/news/2019-05-08/fact-check-greens-coalition-spending-on-climate-change/11056180,FALSE,
215,pagination latest,https://www.abc.net.au/news/2019-05-06/zombie3a-dividend-imputation/11084344,FALSE,
216,pagination latest,https://www.abc.net.au/news/2019-05-03/fact-checking-the-second-leaders-debate-ausvotes2019/11079120,FALSE,
217,pagination latest,https://www.abc.net.au/news/2019-05-03/fact-check-electric-cars-australia-vs-oecd/11072962,FALSE,
218,pagination latest,https://www.abc.net.au/news/2019-05-02/fact-check-has-the-minimum-wage-increased-frydenberg/11053996,FALSE,
219,pagination latest,https://www.abc.net.au/news/2019-04-29/fact-check-perth-leaders-debate/11056388,FALSE,
220,pagination latest,https://www.abc.net.au/news/2019-04-29/fact-check-apprenticeships-drop-claim-bill-shorten/11049364,FALSE,
221,pagination latest,https://www.abc.net.au/news/2019-04-26/fact-check-did-labor-oppose-the-government-gun-reforms/11003182,FALSE,
222,pagination latest,https://www.abc.net.au/news/2019-04-24/fact-check-bradfield-scheme-barnaby-joyce-drought/11029284,TRUE,"['Barnaby Joyce tweeted', ""And March's tweet was not the first time Mr Joyce had mentioned the scheme.""]"
223,pagination latest,https://www.abc.net.au/news/2019-04-18/fact-check-can-algorithms-screen-out-hate-content-social-media/10979770,TRUE,"['tweeted the day before', 'A spokeswoman for Twitter told Fact Check that humans played a critical role in moderating tweets.']"
224,pagination latest,https://www.abc.net.au/news/2019-04-17/fact-check-actu-sally-mcmanus-insecure-work/10983688,FALSE,
225,pagination latest,https://www.abc.net.au/news/2019-04-11/fact-check-coalition-emissions-reduction-angus-taylor/10936652,FALSE,
226,pagination latest,https://www.abc.net.au/news/2019-04-08/fact-check-mediicare-out-of-pocket-costs-kristina-kenneally/10975460,TRUE,"['tweeted', 'In an email, a spokeswoman for Kristina Keneally told Fact Check the senator had been referring to NSW figures in her tweet, but that national figures on out-of-pocket costs were consistent with the state picture.']"
227,pagination latest,https://www.abc.net.au/news/2019-03-29/fact-check-labor-shorten-aged-care-misleading-claim/10950644,FALSE,
228,pagination latest,https://www.abc.net.au/news/2019-04-16/fact-check-analysis-emissions-morrison-taylor/11020106,FALSE,
229,pagination latest,https://www.abc.net.au/news/2019-04-09/fact-check-greg-hunt-health-costs-half-baked/10980718,TRUE,"[""Federal Health Minister Greg Hunt published a series of tweets in response to Labor's announcement, ""]"
230,pagination latest,https://www.abc.net.au/news/2019-03-22/fact-check-nsw-votes-solar-power-usage/10919640,FALSE,
231,pagination latest,https://www.abc.net.au/news/2019-03-21/fact-check-nsw-votes-2019-domestic-violence-shelter-cuts/10910988,TRUE,['claimed in a tweet']
232,pagination latest,https://www.abc.net.au/news/2019-03-18/fact-check-nsw-election-school-closures-openings-daley/10892542,FALSE,
233,pagination latest,https://www.abc.net.au/news/2019-03-15/fact-check-dutton-refugees-hospital-beds/10900474,TRUE,"[""St Vincent's Health Australia tweeted""]"
234,pagination latest,https://www.abc.net.au/news/2019-03-08/fact-check-fact-check-international-womens-day-2019/10882844,TRUE,"['""This brings the number of women in our Cabinet to 7,"" tweeted Prime Minister Scott Morrison, ""the highest number on record."" ']"
235,pagination latest,https://www.abc.net.au/news/2019-03-07/fact-check-greens-nsw-homelessness-increase-housing-nsw-election/10872362,TRUE,"['tweeted', 'NSW Greens MP David Shoebridge tweeted that ""homelessness has jumped by more than 30 per cent in five years"".', 'David Shoebridge tweet, February 18, 2019']"
236,pagination latest,https://www.abc.net.au/news/2019-03-06/fact-chec-nsw-votes-jobless-rate-46-per-cent-higher-under-labor/10867388,FALSE,
237,pagination latest,https://www.abc.net.au/news/2019-03-04/analysis-claims-labor-big-tax-policies-misleading/10861688,FALSE,
238,pagination latest,https://www.abc.net.au/news/2019-03-01/fact-check-medevac-refugees-offshore-coleman/10839222,FALSE,
239,pagination latest,https://www.abc.net.au/news/2019-02-28/fact-check-crimes-against-humanity-wilkie-nauru-manus-refugees/10824996,FALSE,
240,pagination latest,https://www.abc.net.au/news/2019-02-26/fact-check-does-labors-capital-gains-tax-policy-frydenberg/10845696,TRUE,"['recent tweet', '""With 60%+ of taxpayers who had a capital gain having a taxable income under $80,000, Labor will discourage Australians to save & invest & punish those who do!"" Mr Frydenberg tweeted.']"
241,pagination latest,https://www.abc.net.au/news/2019-02-22/fact-check-have-homeownership-rates-for-young-people-dropped/10821084,FALSE,
242,pagination latest,https://www.abc.net.au/news/2019-02-20/fact-check-five-mcgs-of-native-forests-logged-in-victoria/10780846,FALSE,
243,pagination latest,https://www.abc.net.au/news/2019-02-11/fact-check-dutton-brown-dinatale-refugee-medical-transfers/10798654,TRUE,['tweeted']
244,pagination latest,https://www.abc.net.au/news/2019-02-07/fact-check-does-labor-have-twice-number-of-frontbench-women-/10696844,TRUE,"['tweetstorm', 'As Ms Plibersek only referenced the Liberals in her tweet, and as this was a response to a Liberal Party issue, Fact Check considers the Liberal contingent of the frontbench to be more important in assessing her claim.']"
245,pagination latest,https://www.abc.net.au/news/2019-01-30/fact-check-labors-dividend-imputation-policy/10626204,FALSE,
246,pagination latest,https://www.abc.net.au/news/2018-12-19/fact-check-is-the-island-nation-tuvalu-growing/10627318,FALSE,
247,pagination latest,https://www.abc.net.au/news/2018-12-17/fact-check-are-emissions-coming-down-in-australia/10620194,FALSE,
248,pagination latest,https://www.abc.net.au/news/2018-12-12/fact-check-removal-rates-of-indigenous-children/10566014,TRUE,"['tweeted', ""Ms Thorpe's tweet did not specify whether she was referring to the national rate or the Victorian rate."", 'In her tweet, Ms Thorpe included a link to the ']"
249,pagination latest,https://www.abc.net.au/news/2018-12-11/fact-check-have-the-liberals-doubled-net-debt/10595756,FALSE,